"filename", "language", "JavaScript", "CSS", "SCSS", "HTML", "Markdown", "XML", "Batch", "JSON", "Properties", "Java", "Less", "comment", "blank", "total"
"d:\GitBox\ticket_booking_system\Techprototype\code\server\src\main\java\cn\server\MovieServerApp.java", "Java", 0, 0, 0, 0, 0, 0, 0, 0, 0, 12, 0, 0, 5, 17
"d:\GitBox\ticket_booking_system\Techprototype\code\server\src\main\java\cn\server\auth\config\AuthenctiationFailHandler.java", "Java", 0, 0, 0, 0, 0, 0, 0, 0, 0, 29, 0, 0, 6, 35
"d:\GitBox\ticket_booking_system\Techprototype\code\server\src\main\java\cn\server\auth\config\AuthenctiationSuccessHandler.java", "Java", 0, 0, 0, 0, 0, 0, 0, 0, 0, 22, 0, 3, 4, 29
"d:\GitBox\ticket_booking_system\Techprototype\code\server\src\main\java\cn\server\auth\config\SecurityConfig.java", "Java", 0, 0, 0, 0, 0, 0, 0, 0, 0, 31, 0, 56, 7, 94
"d:\GitBox\ticket_booking_system\Techprototype\code\server\src\main\java\cn\server\auth\config\UserDetailsServiceImpl.java", "Java", 0, 0, 0, 0, 0, 0, 0, 0, 0, 44, 0, 5, 9, 58
"d:\GitBox\ticket_booking_system\Techprototype\code\server\src\main\java\cn\server\auth\config\UserSecurity.java", "Java", 0, 0, 0, 0, 0, 0, 0, 0, 0, 17, 0, 1, 4, 22
"d:\GitBox\ticket_booking_system\Techprototype\code\server\src\main\java\cn\server\auth\entity\Menu.java", "Java", 0, 0, 0, 0, 0, 0, 0, 0, 0, 15, 0, 0, 4, 19
"d:\GitBox\ticket_booking_system\Techprototype\code\server\src\main\java\cn\server\auth\entity\Permission.java", "Java", 0, 0, 0, 0, 0, 0, 0, 0, 0, 10, 0, 0, 4, 14
"d:\GitBox\ticket_booking_system\Techprototype\code\server\src\main\java\cn\server\auth\entity\Role.java", "Java", 0, 0, 0, 0, 0, 0, 0, 0, 0, 12, 0, 0, 5, 17
"d:\GitBox\ticket_booking_system\Techprototype\code\server\src\main\java\cn\server\auth\entity\User.java", "Java", 0, 0, 0, 0, 0, 0, 0, 0, 0, 23, 0, 3, 12, 38
"d:\GitBox\ticket_booking_system\Techprototype\code\server\src\main\java\cn\server\auth\mapper\MenuMapper.java", "Java", 0, 0, 0, 0, 0, 0, 0, 0, 0, 16, 0, 14, 12, 42
"d:\GitBox\ticket_booking_system\Techprototype\code\server\src\main\java\cn\server\auth\mapper\PermissionMapper.java", "Java", 0, 0, 0, 0, 0, 0, 0, 0, 0, 20, 0, 19, 12, 51
"d:\GitBox\ticket_booking_system\Techprototype\code\server\src\main\java\cn\server\auth\mapper\RoleMapper.java", "Java", 0, 0, 0, 0, 0, 0, 0, 0, 0, 21, 0, 8, 13, 42
"d:\GitBox\ticket_booking_system\Techprototype\code\server\src\main\java\cn\server\auth\mapper\UserMapper.java", "Java", 0, 0, 0, 0, 0, 0, 0, 0, 0, 29, 0, 5, 13, 47
"d:\GitBox\ticket_booking_system\Techprototype\code\server\src\main\java\cn\server\auth\query\RoleQuery.java", "Java", 0, 0, 0, 0, 0, 0, 0, 0, 0, 6, 0, 0, 5, 11
"d:\GitBox\ticket_booking_system\Techprototype\code\server\src\main\java\cn\server\auth\query\UserQuery.java", "Java", 0, 0, 0, 0, 0, 0, 0, 0, 0, 9, 0, 0, 9, 18
"d:\GitBox\ticket_booking_system\Techprototype\code\server\src\main\java\cn\server\auth\serivce\IMenuService.java", "Java", 0, 0, 0, 0, 0, 0, 0, 0, 0, 12, 0, 18, 7, 37
"d:\GitBox\ticket_booking_system\Techprototype\code\server\src\main\java\cn\server\auth\serivce\IPermissionService.java", "Java", 0, 0, 0, 0, 0, 0, 0, 0, 0, 11, 0, 10, 9, 30
"d:\GitBox\ticket_booking_system\Techprototype\code\server\src\main\java\cn\server\auth\serivce\IRoleService.java", "Java", 0, 0, 0, 0, 0, 0, 0, 0, 0, 11, 0, 3, 14, 28
"d:\GitBox\ticket_booking_system\Techprototype\code\server\src\main\java\cn\server\auth\serivce\IUserService.java", "Java", 0, 0, 0, 0, 0, 0, 0, 0, 0, 14, 0, 25, 11, 50
"d:\GitBox\ticket_booking_system\Techprototype\code\server\src\main\java\cn\server\auth\serivce\impl\MenuServiceImpl.java", "Java", 0, 0, 0, 0, 0, 0, 0, 0, 0, 49, 0, 6, 16, 71
"d:\GitBox\ticket_booking_system\Techprototype\code\server\src\main\java\cn\server\auth\serivce\impl\PermissionServiceImpl.java", "Java", 0, 0, 0, 0, 0, 0, 0, 0, 0, 42, 0, 6, 12, 60
"d:\GitBox\ticket_booking_system\Techprototype\code\server\src\main\java\cn\server\auth\serivce\impl\RoleServiceImpl.java", "Java", 0, 0, 0, 0, 0, 0, 0, 0, 0, 58, 0, 4, 15, 77
"d:\GitBox\ticket_booking_system\Techprototype\code\server\src\main\java\cn\server\auth\serivce\impl\UserServiceImpl.java", "Java", 0, 0, 0, 0, 0, 0, 0, 0, 0, 54, 0, 15, 12, 81
"d:\GitBox\ticket_booking_system\Techprototype\code\server\src\main\java\cn\server\auth\util\CommonUtils.java", "Java", 0, 0, 0, 0, 0, 0, 0, 0, 0, 12, 0, 1, 2, 15
"d:\GitBox\ticket_booking_system\Techprototype\code\server\src\main\java\cn\server\auth\web\controller\FileUpload.java", "Java", 0, 0, 0, 0, 0, 0, 0, 0, 0, 103, 0, 7, 26, 136
"d:\GitBox\ticket_booking_system\Techprototype\code\server\src\main\java\cn\server\auth\web\controller\LoginController.java", "Java", 0, 0, 0, 0, 0, 0, 0, 0, 0, 31, 0, 3, 10, 44
"d:\GitBox\ticket_booking_system\Techprototype\code\server\src\main\java\cn\server\auth\web\controller\MenuController.java", "Java", 0, 0, 0, 0, 0, 0, 0, 0, 0, 75, 0, 2, 12, 89
"d:\GitBox\ticket_booking_system\Techprototype\code\server\src\main\java\cn\server\auth\web\controller\PermissionController.java", "Java", 0, 0, 0, 0, 0, 0, 0, 0, 0, 63, 0, 5, 10, 78
"d:\GitBox\ticket_booking_system\Techprototype\code\server\src\main\java\cn\server\auth\web\controller\RoleController.java", "Java", 0, 0, 0, 0, 0, 0, 0, 0, 0, 77, 0, 3, 18, 98
"d:\GitBox\ticket_booking_system\Techprototype\code\server\src\main\java\cn\server\auth\web\controller\RouteController.java", "Java", 0, 0, 0, 0, 0, 0, 0, 0, 0, 19, 0, 10, 15, 44
"d:\GitBox\ticket_booking_system\Techprototype\code\server\src\main\java\cn\server\auth\web\controller\UserController.java", "Java", 0, 0, 0, 0, 0, 0, 0, 0, 0, 147, 0, 11, 29, 187
"d:\GitBox\ticket_booking_system\Techprototype\code\server\src\main\java\cn\server\auth\web\controller\front\UserFrontController.java", "Java", 0, 0, 0, 0, 0, 0, 0, 0, 0, 41, 0, 1, 18, 60
"d:\GitBox\ticket_booking_system\Techprototype\code\server\src\main\java\cn\server\business\movie\controller\MovieController.java", "Java", 0, 0, 0, 0, 0, 0, 0, 0, 0, 122, 0, 7, 35, 164
"d:\GitBox\ticket_booking_system\Techprototype\code\server\src\main\java\cn\server\business\movie\controller\front\MovieFrontController.java", "Java", 0, 0, 0, 0, 0, 0, 0, 0, 0, 45, 0, 1, 15, 61
"d:\GitBox\ticket_booking_system\Techprototype\code\server\src\main\java\cn\server\business\movie\entity\Movie.java", "Java", 0, 0, 0, 0, 0, 0, 0, 0, 0, 21, 0, 12, 7, 40
"d:\GitBox\ticket_booking_system\Techprototype\code\server\src\main\java\cn\server\business\movie\entity\MovieHouse.java", "Java", 0, 0, 0, 0, 0, 0, 0, 0, 0, 9, 0, 0, 5, 14
"d:\GitBox\ticket_booking_system\Techprototype\code\server\src\main\java\cn\server\business\movie\mapper\MovieMapper.java", "Java", 0, 0, 0, 0, 0, 0, 0, 0, 0, 25, 0, 16, 12, 53
"d:\GitBox\ticket_booking_system\Techprototype\code\server\src\main\java\cn\server\business\movie\query\MovieQuery.java", "Java", 0, 0, 0, 0, 0, 0, 0, 0, 0, 7, 0, 0, 4, 11
"d:\GitBox\ticket_booking_system\Techprototype\code\server\src\main\java\cn\server\business\movie\service\IMovieService.java", "Java", 0, 0, 0, 0, 0, 0, 0, 0, 0, 13, 0, 19, 9, 41
"d:\GitBox\ticket_booking_system\Techprototype\code\server\src\main\java\cn\server\business\movie\service\impl\MovieServiceImpl.java", "Java", 0, 0, 0, 0, 0, 0, 0, 0, 0, 40, 0, 13, 13, 66
"d:\GitBox\ticket_booking_system\Techprototype\code\server\src\main\java\cn\server\business\order\controller\OrderController.java", "Java", 0, 0, 0, 0, 0, 0, 0, 0, 0, 27, 0, 1, 10, 38
"d:\GitBox\ticket_booking_system\Techprototype\code\server\src\main\java\cn\server\business\order\controller\front\OrderFrontController.java", "Java", 0, 0, 0, 0, 0, 0, 0, 0, 0, 44, 0, 8, 17, 69
"d:\GitBox\ticket_booking_system\Techprototype\code\server\src\main\java\cn\server\business\order\entity\Order.java", "Java", 0, 0, 0, 0, 0, 0, 0, 0, 0, 22, 0, 7, 8, 37
"d:\GitBox\ticket_booking_system\Techprototype\code\server\src\main\java\cn\server\business\order\entity\OrderDetail.java", "Java", 0, 0, 0, 0, 0, 0, 0, 0, 0, 10, 0, 4, 5, 19
"d:\GitBox\ticket_booking_system\Techprototype\code\server\src\main\java\cn\server\business\order\mapper\OrderMapper.java", "Java", 0, 0, 0, 0, 0, 0, 0, 0, 0, 20, 0, 0, 12, 32
"d:\GitBox\ticket_booking_system\Techprototype\code\server\src\main\java\cn\server\business\order\query\OrderQuery.java", "Java", 0, 0, 0, 0, 0, 0, 0, 0, 0, 11, 0, 0, 4, 15
"d:\GitBox\ticket_booking_system\Techprototype\code\server\src\main\java\cn\server\business\order\service\IOrderService.java", "Java", 0, 0, 0, 0, 0, 0, 0, 0, 0, 10, 0, 0, 8, 18
"d:\GitBox\ticket_booking_system\Techprototype\code\server\src\main\java\cn\server\business\order\service\impl\OrderServiceImpl.java", "Java", 0, 0, 0, 0, 0, 0, 0, 0, 0, 28, 0, 0, 10, 38
"d:\GitBox\ticket_booking_system\Techprototype\code\server\src\main\java\cn\server\common\entity\BaseEntity.java", "Java", 0, 0, 0, 0, 0, 0, 0, 0, 0, 6, 0, 0, 4, 10
"d:\GitBox\ticket_booking_system\Techprototype\code\server\src\main\java\cn\server\common\mapper\BaseMapper.java", "Java", 0, 0, 0, 0, 0, 0, 0, 0, 0, 8, 0, 3, 5, 16
"d:\GitBox\ticket_booking_system\Techprototype\code\server\src\main\java\cn\server\common\page\PageList.java", "Java", 0, 0, 0, 0, 0, 0, 0, 0, 0, 9, 0, 2, 3, 14
"d:\GitBox\ticket_booking_system\Techprototype\code\server\src\main\java\cn\server\common\query\BaseQuery.java", "Java", 0, 0, 0, 0, 0, 0, 0, 0, 0, 7, 0, 2, 4, 13
"d:\GitBox\ticket_booking_system\Techprototype\code\server\src\main\java\cn\server\common\result\ResultResponse.java", "Java", 0, 0, 0, 0, 0, 0, 0, 0, 0, 32, 0, 3, 8, 43
"d:\GitBox\ticket_booking_system\Techprototype\code\server\src\main\java\cn\server\common\service\IBaseService.java", "Java", 0, 0, 0, 0, 0, 0, 0, 0, 0, 8, 0, 2, 9, 19
"d:\GitBox\ticket_booking_system\Techprototype\code\server\src\main\java\cn\server\common\service\impl\BaseServiceImpl.java", "Java", 0, 0, 0, 0, 0, 0, 0, 0, 0, 24, 0, 9, 9, 42
"d:\GitBox\ticket_booking_system\Techprototype\code\server\src\main\resource\application.properties", "Properties", 0, 0, 0, 0, 0, 0, 0, 0, 13, 0, 0, 5, 5, 23
"d:\GitBox\ticket_booking_system\Techprototype\code\server\src\main\resource\cn\itfxq\business\mapper\MenuMapper.xml", "XML", 0, 0, 0, 0, 0, 79, 0, 0, 0, 0, 0, 4, 25, 108
"d:\GitBox\ticket_booking_system\Techprototype\code\server\src\main\resource\cn\itfxq\business\mapper\MovieMapper.xml", "XML", 0, 0, 0, 0, 0, 41, 0, 0, 0, 0, 0, 2, 29, 72
"d:\GitBox\ticket_booking_system\Techprototype\code\server\src\main\resource\cn\itfxq\business\mapper\OrderMapper.xml", "XML", 0, 0, 0, 0, 0, 31, 0, 0, 0, 0, 0, 1, 25, 57
"d:\GitBox\ticket_booking_system\Techprototype\code\server\src\main\resource\cn\itfxq\business\mapper\PermissionMapper.xml", "XML", 0, 0, 0, 0, 0, 27, 0, 0, 0, 0, 0, 2, 19, 48
"d:\GitBox\ticket_booking_system\Techprototype\code\server\src\main\resource\cn\itfxq\business\mapper\RoleMapper.xml", "XML", 0, 0, 0, 0, 0, 62, 0, 0, 0, 0, 0, 3, 23, 88
"d:\GitBox\ticket_booking_system\Techprototype\code\server\src\main\resource\cn\itfxq\business\mapper\UserMapper.xml", "XML", 0, 0, 0, 0, 0, 69, 0, 0, 0, 0, 0, 4, 25, 98
"d:\GitBox\ticket_booking_system\Techprototype\code\server\src\main\resource\static\api\movie.js", "JavaScript", 356, 0, 0, 0, 0, 0, 0, 0, 0, 0, 0, 19, 42, 417
"d:\GitBox\ticket_booking_system\Techprototype\code\server\src\main\resource\static\api\order.js", "JavaScript", 128, 0, 0, 0, 0, 0, 0, 0, 0, 0, 0, 3, 20, 151
"d:\GitBox\ticket_booking_system\Techprototype\code\server\src\main\resource\static\api\user.js", "JavaScript", 478, 0, 0, 0, 0, 0, 0, 0, 0, 0, 0, 28, 25, 531
"d:\GitBox\ticket_booking_system\Techprototype\code\server\src\main\resource\static\assets\css\style.css", "CSS", 0, 2003, 0, 0, 0, 0, 0, 0, 0, 0, 0, 80, 365, 2448
"d:\GitBox\ticket_booking_system\Techprototype\code\server\src\main\resource\static\assets\js\main.js", "JavaScript", 188, 0, 0, 0, 0, 0, 0, 0, 0, 0, 0, 20, 35, 243
"d:\GitBox\ticket_booking_system\Techprototype\code\server\src\main\resource\static\assets\vendor\animate.css\animate.css", "CSS", 0, 3057, 0, 0, 0, 0, 0, 0, 0, 0, 0, 11, 558, 3626
"d:\GitBox\ticket_booking_system\Techprototype\code\server\src\main\resource\static\assets\vendor\animate.css\animate.min.css", "CSS", 0, 2, 0, 0, 0, 0, 0, 0, 0, 0, 0, 7, 2, 11
"d:\GitBox\ticket_booking_system\Techprototype\code\server\src\main\resource\static\assets\vendor\aos\aos.css", "CSS", 0, 1, 0, 0, 0, 0, 0, 0, 0, 0, 0, 0, 0, 1
"d:\GitBox\ticket_booking_system\Techprototype\code\server\src\main\resource\static\assets\vendor\aos\aos.js", "JavaScript", 1, 0, 0, 0, 0, 0, 0, 0, 0, 0, 0, 0, 0, 1
"d:\GitBox\ticket_booking_system\Techprototype\code\server\src\main\resource\static\assets\vendor\bootstrap\css\bootstrap-grid.css", "CSS", 0, 3681, 0, 0, 0, 0, 0, 0, 0, 0, 0, 7, 211, 3899
"d:\GitBox\ticket_booking_system\Techprototype\code\server\src\main\resource\static\assets\vendor\bootstrap\css\bootstrap-grid.min.css", "CSS", 0, 1, 0, 0, 0, 0, 0, 0, 0, 0, 0, 6, 0, 7
"d:\GitBox\ticket_booking_system\Techprototype\code\server\src\main\resource\static\assets\vendor\bootstrap\css\bootstrap-reboot.css", "CSS", 0, 264, 0, 0, 0, 0, 0, 0, 0, 0, 0, 8, 55, 327
"d:\GitBox\ticket_booking_system\Techprototype\code\server\src\main\resource\static\assets\vendor\bootstrap\css\bootstrap-reboot.min.css", "CSS", 0, 1, 0, 0, 0, 0, 0, 0, 0, 0, 0, 7, 0, 8
"d:\GitBox\ticket_booking_system\Techprototype\code\server\src\main\resource\static\assets\vendor\bootstrap\css\bootstrap.css", "CSS", 0, 9016, 0, 0, 0, 0, 0, 0, 0, 0, 0, 7, 1201, 10224
"d:\GitBox\ticket_booking_system\Techprototype\code\server\src\main\resource\static\assets\vendor\bootstrap\css\bootstrap.min.css", "CSS", 0, 1, 0, 0, 0, 0, 0, 0, 0, 0, 0, 6, 0, 7
"d:\GitBox\ticket_booking_system\Techprototype\code\server\src\main\resource\static\assets\vendor\bootstrap\js\bootstrap.bundle.js", "JavaScript", 4586, 0, 0, 0, 0, 0, 0, 0, 0, 0, 0, 1375, 1174, 7135
"d:\GitBox\ticket_booking_system\Techprototype\code\server\src\main\resource\static\assets\vendor\bootstrap\js\bootstrap.bundle.min.js", "JavaScript", 1, 0, 0, 0, 0, 0, 0, 0, 0, 0, 0, 6, 0, 7
"d:\GitBox\ticket_booking_system\Techprototype\code\server\src\main\resource\static\assets\vendor\bootstrap\js\bootstrap.js", "JavaScript", 3347, 0, 0, 0, 0, 0, 0, 0, 0, 0, 0, 325, 850, 4522
"d:\GitBox\ticket_booking_system\Techprototype\code\server\src\main\resource\static\assets\vendor\bootstrap\js\bootstrap.min.js", "JavaScript", 1, 0, 0, 0, 0, 0, 0, 0, 0, 0, 0, 6, 0, 7
"d:\GitBox\ticket_booking_system\Techprototype\code\server\src\main\resource\static\assets\vendor\boxicons\css\animations.css", "CSS", 0, 354, 0, 0, 0, 0, 0, 0, 0, 0, 0, 0, 32, 386
"d:\GitBox\ticket_booking_system\Techprototype\code\server\src\main\resource\static\assets\vendor\boxicons\css\boxicons.css", "CSS", 0, 4856, 0, 0, 0, 0, 0, 0, 0, 0, 0, 0, 56, 4912
"d:\GitBox\ticket_booking_system\Techprototype\code\server\src\main\resource\static\assets\vendor\boxicons\css\boxicons.min.css", "CSS", 0, 1, 0, 0, 0, 0, 0, 0, 0, 0, 0, 0, 0, 1
"d:\GitBox\ticket_booking_system\Techprototype\code\server\src\main\resource\static\assets\vendor\boxicons\css\transformations.css", "CSS", 0, 25, 0, 0, 0, 0, 0, 0, 0, 0, 0, 0, 6, 31
"d:\GitBox\ticket_booking_system\Techprototype\code\server\src\main\resource\static\assets\vendor\boxicons\fonts\boxicons.svg", "XML", 0, 0, 0, 0, 0, 1472, 0, 0, 0, 0, 0, 0, 0, 1472
"d:\GitBox\ticket_booking_system\Techprototype\code\server\src\main\resource\static\assets\vendor\icofont\icofont.min.css", "CSS", 0, 1, 0, 0, 0, 0, 0, 0, 0, 0, 0, 6, 0, 7
"d:\GitBox\ticket_booking_system\Techprototype\code\server\src\main\resource\static\assets\vendor\isotope-layout\isotope.pkgd.js", "JavaScript", 2198, 0, 0, 0, 0, 0, 0, 0, 0, 0, 0, 830, 536, 3564
"d:\GitBox\ticket_booking_system\Techprototype\code\server\src\main\resource\static\assets\vendor\isotope-layout\isotope.pkgd.min.js", "JavaScript", 2, 0, 0, 0, 0, 0, 0, 0, 0, 0, 0, 9, 1, 12
"d:\GitBox\ticket_booking_system\Techprototype\code\server\src\main\resource\static\assets\vendor\jquery.easing\jquery.easing.min.js", "JavaScript", 1, 0, 0, 0, 0, 0, 0, 0, 0, 0, 0, 0, 0, 1
"d:\GitBox\ticket_booking_system\Techprototype\code\server\src\main\resource\static\assets\vendor\jquery\jquery.min.js", "JavaScript", 1, 0, 0, 0, 0, 0, 0, 0, 0, 0, 0, 1, 1, 3
"d:\GitBox\ticket_booking_system\Techprototype\code\server\src\main\resource\static\assets\vendor\owl.carousel\README.md", "Markdown", 0, 0, 0, 0, 80, 0, 0, 0, 0, 0, 0, 0, 43, 123
"d:\GitBox\ticket_booking_system\Techprototype\code\server\src\main\resource\static\assets\vendor\owl.carousel\assets\owl.carousel.css", "CSS", 0, 146, 0, 0, 0, 0, 0, 0, 0, 0, 0, 26, 15, 187
"d:\GitBox\ticket_booking_system\Techprototype\code\server\src\main\resource\static\assets\vendor\owl.carousel\assets\owl.carousel.min.css", "CSS", 0, 1, 0, 0, 0, 0, 0, 0, 0, 0, 0, 5, 0, 6
"d:\GitBox\ticket_booking_system\Techprototype\code\server\src\main\resource\static\assets\vendor\owl.carousel\assets\owl.theme.default.css", "CSS", 0, 40, 0, 0, 0, 0, 0, 0, 0, 0, 0, 8, 3, 51
"d:\GitBox\ticket_booking_system\Techprototype\code\server\src\main\resource\static\assets\vendor\owl.carousel\assets\owl.theme.default.min.css", "CSS", 0, 1, 0, 0, 0, 0, 0, 0, 0, 0, 0, 5, 0, 6
"d:\GitBox\ticket_booking_system\Techprototype\code\server\src\main\resource\static\assets\vendor\owl.carousel\assets\owl.theme.green.css", "CSS", 0, 40, 0, 0, 0, 0, 0, 0, 0, 0, 0, 8, 3, 51
"d:\GitBox\ticket_booking_system\Techprototype\code\server\src\main\resource\static\assets\vendor\owl.carousel\assets\owl.theme.green.min.css", "CSS", 0, 1, 0, 0, 0, 0, 0, 0, 0, 0, 0, 5, 0, 6
"d:\GitBox\ticket_booking_system\Techprototype\code\server\src\main\resource\static\assets\vendor\owl.carousel\owl.carousel.js", "JavaScript", 2002, 0, 0, 0, 0, 0, 0, 0, 0, 0, 0, 958, 489, 3449
"d:\GitBox\ticket_booking_system\Techprototype\code\server\src\main\resource\static\assets\vendor\owl.carousel\owl.carousel.min.js", "JavaScript", 2, 0, 0, 0, 0, 0, 0, 0, 0, 0, 0, 5, 0, 7
"d:\GitBox\ticket_booking_system\Techprototype\code\server\src\main\resource\static\assets\vendor\php-email-form\validate.js", "JavaScript", 106, 0, 0, 0, 0, 0, 0, 0, 0, 0, 0, 1, 20, 127
"d:\GitBox\ticket_booking_system\Techprototype\code\server\src\main\resource\static\assets\vendor\remixicon\remixicon.css", "CSS", 0, 2181, 0, 0, 0, 0, 0, 0, 0, 0, 0, 10, 5, 2196
"d:\GitBox\ticket_booking_system\Techprototype\code\server\src\main\resource\static\assets\vendor\remixicon\remixicon.glyph.json", "JSON", 0, 0, 0, 0, 0, 0, 0, 1, 0, 0, 0, 0, 0, 1
"d:\GitBox\ticket_booking_system\Techprototype\code\server\src\main\resource\static\assets\vendor\remixicon\remixicon.less", "Less", 0, 0, 0, 0, 0, 0, 0, 0, 0, 0, 2183, 10, 5, 2198
"d:\GitBox\ticket_booking_system\Techprototype\code\server\src\main\resource\static\assets\vendor\remixicon\remixicon.svg", "XML", 0, 0, 0, 0, 0, 6459, 0, 0, 0, 0, 0, 10, 1, 6470
"d:\GitBox\ticket_booking_system\Techprototype\code\server\src\main\resource\static\assets\vendor\remixicon\remixicon.symbol.svg", "XML", 0, 0, 0, 0, 0, 10736, 0, 0, 0, 0, 0, 10, 0, 10746
"d:\GitBox\ticket_booking_system\Techprototype\code\server\src\main\resource\static\assets\vendor\venobox\venobox.css", "CSS", 0, 230, 0, 0, 0, 0, 0, 0, 0, 0, 0, 14, 7, 251
"d:\GitBox\ticket_booking_system\Techprototype\code\server\src\main\resource\static\assets\vendor\venobox\venobox.js", "JavaScript", 638, 0, 0, 0, 0, 0, 0, 0, 0, 0, 0, 55, 116, 809
"d:\GitBox\ticket_booking_system\Techprototype\code\server\src\main\resource\static\assets\vendor\venobox\venobox.min.css", "CSS", 0, 1, 0, 0, 0, 0, 0, 0, 0, 0, 0, 0, 1, 2
"d:\GitBox\ticket_booking_system\Techprototype\code\server\src\main\resource\static\assets\vendor\venobox\venobox.min.js", "JavaScript", 1, 0, 0, 0, 0, 0, 0, 0, 0, 0, 0, 11, 1, 13
"d:\GitBox\ticket_booking_system\Techprototype\code\server\src\main\resource\static\css\animate.css", "CSS", 0, 2800, 0, 0, 0, 0, 0, 0, 0, 0, 0, 11, 530, 3341
"d:\GitBox\ticket_booking_system\Techprototype\code\server\src\main\resource\static\css\bootstrap-theme.css", "CSS", 0, 581, 0, 0, 0, 0, 0, 0, 0, 0, 0, 6, 1, 588
"d:\GitBox\ticket_booking_system\Techprototype\code\server\src\main\resource\static\css\bootstrap-theme.min.css", "CSS", 0, 412, 0, 0, 0, 0, 0, 0, 0, 0, 0, 5, 62, 479
"d:\GitBox\ticket_booking_system\Techprototype\code\server\src\main\resource\static\css\bootstrap.css", "CSS", 0, 6742, 0, 0, 0, 0, 0, 0, 0, 0, 0, 8, 8, 6758
"d:\GitBox\ticket_booking_system\Techprototype\code\server\src\main\resource\static\css\bootstrap.min.css", "CSS", 0, 1, 0, 0, 0, 0, 0, 0, 0, 0, 0, 5, 0, 6
"d:\GitBox\ticket_booking_system\Techprototype\code\server\src\main\resource\static\css\jquery-ui.min.css", "CSS", 0, 1, 0, 0, 0, 0, 0, 0, 0, 0, 0, 5, 2, 8
"d:\GitBox\ticket_booking_system\Techprototype\code\server\src\main\resource\static\css\materialdesignicons.min.css", "CSS", 0, 1, 0, 0, 0, 0, 0, 0, 0, 0, 0, 1, 1, 3
"d:\GitBox\ticket_booking_system\Techprototype\code\server\src\main\resource\static\css\style.min.css", "CSS", 0, 4139, 0, 0, 0, 0, 0, 0, 0, 0, 0, 85, 72, 4296
"d:\GitBox\ticket_booking_system\Techprototype\code\server\src\main\resource\static\fonts\glyphicons-halflings-regular.svg", "XML", 0, 0, 0, 0, 0, 288, 0, 0, 0, 0, 0, 0, 0, 288
"d:\GitBox\ticket_booking_system\Techprototype\code\server\src\main\resource\static\fonts\materialdesignicons.svg", "XML", 0, 0, 0, 0, 0, 6150, 0, 0, 0, 0, 0, 0, 1, 6151
"d:\GitBox\ticket_booking_system\Techprototype\code\server\src\main\resource\static\js\Chart.js", "JavaScript", 13616, 0, 0, 0, 0, 0, 0, 0, 0, 0, 0, 2466, 2880, 18962
"d:\GitBox\ticket_booking_system\Techprototype\code\server\src\main\resource\static\js\bootstrap-colorpicker\bootstrap-colorpicker.js", "JavaScript", 1023, 0, 0, 0, 0, 0, 0, 0, 0, 0, 0, 50, 34, 1107
"d:\GitBox\ticket_booking_system\Techprototype\code\server\src\main\resource\static\js\bootstrap-colorpicker\bootstrap-colorpicker.min.js", "JavaScript", 1, 0, 0, 0, 0, 0, 0, 0, 0, 0, 0, 4, 0, 5
"d:\GitBox\ticket_booking_system\Techprototype\code\server\src\main\resource\static\js\bootstrap-colorpicker\css\bootstrap-colorpicker.css", "CSS", 0, 212, 0, 0, 0, 0, 0, 0, 0, 0, 0, 10, 0, 222
"d:\GitBox\ticket_booking_system\Techprototype\code\server\src\main\resource\static\js\bootstrap-colorpicker\css\bootstrap-colorpicker.min.css", "CSS", 0, 1, 0, 0, 0, 0, 0, 0, 0, 0, 0, 9, 0, 10
"d:\GitBox\ticket_booking_system\Techprototype\code\server\src\main\resource\static\js\bootstrap-datepicker\bootstrap-datepicker.js", "JavaScript", 1830, 0, 0, 0, 0, 0, 0, 0, 0, 0, 0, 87, 173, 2090
"d:\GitBox\ticket_booking_system\Techprototype\code\server\src\main\resource\static\js\bootstrap-datepicker\bootstrap-datepicker.min.js", "JavaScript", 2, 0, 0, 0, 0, 0, 0, 0, 0, 0, 0, 7, 0, 9
"d:\GitBox\ticket_booking_system\Techprototype\code\server\src\main\resource\static\js\bootstrap-datepicker\bootstrap-datepicker3.css", "CSS", 0, 673, 0, 0, 0, 0, 0, 0, 0, 0, 0, 8, 0, 681
"d:\GitBox\ticket_booking_system\Techprototype\code\server\src\main\resource\static\js\bootstrap-datepicker\bootstrap-datepicker3.min.css", "CSS", 0, 1, 0, 0, 0, 0, 0, 0, 0, 0, 0, 8, 0, 9
"d:\GitBox\ticket_booking_system\Techprototype\code\server\src\main\resource\static\js\bootstrap-datepicker\locales\bootstrap-datepicker.ar.min.js", "JavaScript", 1, 0, 0, 0, 0, 0, 0, 0, 0, 0, 0, 0, 0, 1
"d:\GitBox\ticket_booking_system\Techprototype\code\server\src\main\resource\static\js\bootstrap-datepicker\locales\bootstrap-datepicker.az.min.js", "JavaScript", 1, 0, 0, 0, 0, 0, 0, 0, 0, 0, 0, 0, 0, 1
"d:\GitBox\ticket_booking_system\Techprototype\code\server\src\main\resource\static\js\bootstrap-datepicker\locales\bootstrap-datepicker.bg.min.js", "JavaScript", 1, 0, 0, 0, 0, 0, 0, 0, 0, 0, 0, 0, 0, 1
"d:\GitBox\ticket_booking_system\Techprototype\code\server\src\main\resource\static\js\bootstrap-datepicker\locales\bootstrap-datepicker.bs.min.js", "JavaScript", 1, 0, 0, 0, 0, 0, 0, 0, 0, 0, 0, 0, 0, 1
"d:\GitBox\ticket_booking_system\Techprototype\code\server\src\main\resource\static\js\bootstrap-datepicker\locales\bootstrap-datepicker.ca.min.js", "JavaScript", 1, 0, 0, 0, 0, 0, 0, 0, 0, 0, 0, 0, 0, 1
"d:\GitBox\ticket_booking_system\Techprototype\code\server\src\main\resource\static\js\bootstrap-datepicker\locales\bootstrap-datepicker.cs.min.js", "JavaScript", 1, 0, 0, 0, 0, 0, 0, 0, 0, 0, 0, 0, 0, 1
"d:\GitBox\ticket_booking_system\Techprototype\code\server\src\main\resource\static\js\bootstrap-datepicker\locales\bootstrap-datepicker.cy.min.js", "JavaScript", 1, 0, 0, 0, 0, 0, 0, 0, 0, 0, 0, 0, 0, 1
"d:\GitBox\ticket_booking_system\Techprototype\code\server\src\main\resource\static\js\bootstrap-datepicker\locales\bootstrap-datepicker.da.min.js", "JavaScript", 1, 0, 0, 0, 0, 0, 0, 0, 0, 0, 0, 0, 0, 1
"d:\GitBox\ticket_booking_system\Techprototype\code\server\src\main\resource\static\js\bootstrap-datepicker\locales\bootstrap-datepicker.de.min.js", "JavaScript", 1, 0, 0, 0, 0, 0, 0, 0, 0, 0, 0, 0, 0, 1
"d:\GitBox\ticket_booking_system\Techprototype\code\server\src\main\resource\static\js\bootstrap-datepicker\locales\bootstrap-datepicker.el.min.js", "JavaScript", 1, 0, 0, 0, 0, 0, 0, 0, 0, 0, 0, 0, 0, 1
"d:\GitBox\ticket_booking_system\Techprototype\code\server\src\main\resource\static\js\bootstrap-datepicker\locales\bootstrap-datepicker.en-AU.min.js", "JavaScript", 1, 0, 0, 0, 0, 0, 0, 0, 0, 0, 0, 0, 0, 1
"d:\GitBox\ticket_booking_system\Techprototype\code\server\src\main\resource\static\js\bootstrap-datepicker\locales\bootstrap-datepicker.en-GB.min.js", "JavaScript", 1, 0, 0, 0, 0, 0, 0, 0, 0, 0, 0, 0, 0, 1
"d:\GitBox\ticket_booking_system\Techprototype\code\server\src\main\resource\static\js\bootstrap-datepicker\locales\bootstrap-datepicker.eo.min.js", "JavaScript", 1, 0, 0, 0, 0, 0, 0, 0, 0, 0, 0, 0, 0, 1
"d:\GitBox\ticket_booking_system\Techprototype\code\server\src\main\resource\static\js\bootstrap-datepicker\locales\bootstrap-datepicker.es.min.js", "JavaScript", 1, 0, 0, 0, 0, 0, 0, 0, 0, 0, 0, 0, 0, 1
"d:\GitBox\ticket_booking_system\Techprototype\code\server\src\main\resource\static\js\bootstrap-datepicker\locales\bootstrap-datepicker.et.min.js", "JavaScript", 1, 0, 0, 0, 0, 0, 0, 0, 0, 0, 0, 0, 0, 1
"d:\GitBox\ticket_booking_system\Techprototype\code\server\src\main\resource\static\js\bootstrap-datepicker\locales\bootstrap-datepicker.eu.min.js", "JavaScript", 1, 0, 0, 0, 0, 0, 0, 0, 0, 0, 0, 0, 0, 1
"d:\GitBox\ticket_booking_system\Techprototype\code\server\src\main\resource\static\js\bootstrap-datepicker\locales\bootstrap-datepicker.fa.min.js", "JavaScript", 1, 0, 0, 0, 0, 0, 0, 0, 0, 0, 0, 0, 0, 1
"d:\GitBox\ticket_booking_system\Techprototype\code\server\src\main\resource\static\js\bootstrap-datepicker\locales\bootstrap-datepicker.fi.min.js", "JavaScript", 1, 0, 0, 0, 0, 0, 0, 0, 0, 0, 0, 0, 0, 1
"d:\GitBox\ticket_booking_system\Techprototype\code\server\src\main\resource\static\js\bootstrap-datepicker\locales\bootstrap-datepicker.fo.min.js", "JavaScript", 1, 0, 0, 0, 0, 0, 0, 0, 0, 0, 0, 0, 0, 1
"d:\GitBox\ticket_booking_system\Techprototype\code\server\src\main\resource\static\js\bootstrap-datepicker\locales\bootstrap-datepicker.fr-CH.min.js", "JavaScript", 1, 0, 0, 0, 0, 0, 0, 0, 0, 0, 0, 0, 0, 1
"d:\GitBox\ticket_booking_system\Techprototype\code\server\src\main\resource\static\js\bootstrap-datepicker\locales\bootstrap-datepicker.fr.min.js", "JavaScript", 1, 0, 0, 0, 0, 0, 0, 0, 0, 0, 0, 0, 0, 1
"d:\GitBox\ticket_booking_system\Techprototype\code\server\src\main\resource\static\js\bootstrap-datepicker\locales\bootstrap-datepicker.gl.min.js", "JavaScript", 1, 0, 0, 0, 0, 0, 0, 0, 0, 0, 0, 0, 0, 1
"d:\GitBox\ticket_booking_system\Techprototype\code\server\src\main\resource\static\js\bootstrap-datepicker\locales\bootstrap-datepicker.he.min.js", "JavaScript", 1, 0, 0, 0, 0, 0, 0, 0, 0, 0, 0, 0, 0, 1
"d:\GitBox\ticket_booking_system\Techprototype\code\server\src\main\resource\static\js\bootstrap-datepicker\locales\bootstrap-datepicker.hr.min.js", "JavaScript", 1, 0, 0, 0, 0, 0, 0, 0, 0, 0, 0, 0, 0, 1
"d:\GitBox\ticket_booking_system\Techprototype\code\server\src\main\resource\static\js\bootstrap-datepicker\locales\bootstrap-datepicker.hu.min.js", "JavaScript", 1, 0, 0, 0, 0, 0, 0, 0, 0, 0, 0, 0, 0, 1
"d:\GitBox\ticket_booking_system\Techprototype\code\server\src\main\resource\static\js\bootstrap-datepicker\locales\bootstrap-datepicker.hy.min.js", "JavaScript", 1, 0, 0, 0, 0, 0, 0, 0, 0, 0, 0, 0, 0, 1
"d:\GitBox\ticket_booking_system\Techprototype\code\server\src\main\resource\static\js\bootstrap-datepicker\locales\bootstrap-datepicker.id.min.js", "JavaScript", 1, 0, 0, 0, 0, 0, 0, 0, 0, 0, 0, 0, 0, 1
"d:\GitBox\ticket_booking_system\Techprototype\code\server\src\main\resource\static\js\bootstrap-datepicker\locales\bootstrap-datepicker.is.min.js", "JavaScript", 1, 0, 0, 0, 0, 0, 0, 0, 0, 0, 0, 0, 0, 1
"d:\GitBox\ticket_booking_system\Techprototype\code\server\src\main\resource\static\js\bootstrap-datepicker\locales\bootstrap-datepicker.it-CH.min.js", "JavaScript", 1, 0, 0, 0, 0, 0, 0, 0, 0, 0, 0, 0, 0, 1
"d:\GitBox\ticket_booking_system\Techprototype\code\server\src\main\resource\static\js\bootstrap-datepicker\locales\bootstrap-datepicker.it.min.js", "JavaScript", 1, 0, 0, 0, 0, 0, 0, 0, 0, 0, 0, 0, 0, 1
"d:\GitBox\ticket_booking_system\Techprototype\code\server\src\main\resource\static\js\bootstrap-datepicker\locales\bootstrap-datepicker.ja.min.js", "JavaScript", 1, 0, 0, 0, 0, 0, 0, 0, 0, 0, 0, 0, 0, 1
"d:\GitBox\ticket_booking_system\Techprototype\code\server\src\main\resource\static\js\bootstrap-datepicker\locales\bootstrap-datepicker.ka.min.js", "JavaScript", 1, 0, 0, 0, 0, 0, 0, 0, 0, 0, 0, 0, 0, 1
"d:\GitBox\ticket_booking_system\Techprototype\code\server\src\main\resource\static\js\bootstrap-datepicker\locales\bootstrap-datepicker.kh.min.js", "JavaScript", 1, 0, 0, 0, 0, 0, 0, 0, 0, 0, 0, 0, 0, 1
"d:\GitBox\ticket_booking_system\Techprototype\code\server\src\main\resource\static\js\bootstrap-datepicker\locales\bootstrap-datepicker.kk.min.js", "JavaScript", 1, 0, 0, 0, 0, 0, 0, 0, 0, 0, 0, 0, 0, 1
"d:\GitBox\ticket_booking_system\Techprototype\code\server\src\main\resource\static\js\bootstrap-datepicker\locales\bootstrap-datepicker.ko.min.js", "JavaScript", 1, 0, 0, 0, 0, 0, 0, 0, 0, 0, 0, 0, 0, 1
"d:\GitBox\ticket_booking_system\Techprototype\code\server\src\main\resource\static\js\bootstrap-datepicker\locales\bootstrap-datepicker.kr.min.js", "JavaScript", 1, 0, 0, 0, 0, 0, 0, 0, 0, 0, 0, 0, 0, 1
"d:\GitBox\ticket_booking_system\Techprototype\code\server\src\main\resource\static\js\bootstrap-datepicker\locales\bootstrap-datepicker.lt.min.js", "JavaScript", 1, 0, 0, 0, 0, 0, 0, 0, 0, 0, 0, 0, 0, 1
"d:\GitBox\ticket_booking_system\Techprototype\code\server\src\main\resource\static\js\bootstrap-datepicker\locales\bootstrap-datepicker.lv.min.js", "JavaScript", 1, 0, 0, 0, 0, 0, 0, 0, 0, 0, 0, 0, 0, 1
"d:\GitBox\ticket_booking_system\Techprototype\code\server\src\main\resource\static\js\bootstrap-datepicker\locales\bootstrap-datepicker.me.min.js", "JavaScript", 1, 0, 0, 0, 0, 0, 0, 0, 0, 0, 0, 0, 0, 1
"d:\GitBox\ticket_booking_system\Techprototype\code\server\src\main\resource\static\js\bootstrap-datepicker\locales\bootstrap-datepicker.mk.min.js", "JavaScript", 1, 0, 0, 0, 0, 0, 0, 0, 0, 0, 0, 0, 0, 1
"d:\GitBox\ticket_booking_system\Techprototype\code\server\src\main\resource\static\js\bootstrap-datepicker\locales\bootstrap-datepicker.mn.min.js", "JavaScript", 1, 0, 0, 0, 0, 0, 0, 0, 0, 0, 0, 0, 0, 1
"d:\GitBox\ticket_booking_system\Techprototype\code\server\src\main\resource\static\js\bootstrap-datepicker\locales\bootstrap-datepicker.ms.min.js", "JavaScript", 1, 0, 0, 0, 0, 0, 0, 0, 0, 0, 0, 0, 0, 1
"d:\GitBox\ticket_booking_system\Techprototype\code\server\src\main\resource\static\js\bootstrap-datepicker\locales\bootstrap-datepicker.nb.min.js", "JavaScript", 1, 0, 0, 0, 0, 0, 0, 0, 0, 0, 0, 0, 0, 1
"d:\GitBox\ticket_booking_system\Techprototype\code\server\src\main\resource\static\js\bootstrap-datepicker\locales\bootstrap-datepicker.nl-BE.min.js", "JavaScript", 1, 0, 0, 0, 0, 0, 0, 0, 0, 0, 0, 0, 0, 1
"d:\GitBox\ticket_booking_system\Techprototype\code\server\src\main\resource\static\js\bootstrap-datepicker\locales\bootstrap-datepicker.nl.min.js", "JavaScript", 1, 0, 0, 0, 0, 0, 0, 0, 0, 0, 0, 0, 0, 1
"d:\GitBox\ticket_booking_system\Techprototype\code\server\src\main\resource\static\js\bootstrap-datepicker\locales\bootstrap-datepicker.no.min.js", "JavaScript", 1, 0, 0, 0, 0, 0, 0, 0, 0, 0, 0, 0, 0, 1
"d:\GitBox\ticket_booking_system\Techprototype\code\server\src\main\resource\static\js\bootstrap-datepicker\locales\bootstrap-datepicker.pl.min.js", "JavaScript", 1, 0, 0, 0, 0, 0, 0, 0, 0, 0, 0, 0, 0, 1
"d:\GitBox\ticket_booking_system\Techprototype\code\server\src\main\resource\static\js\bootstrap-datepicker\locales\bootstrap-datepicker.pt-BR.min.js", "JavaScript", 1, 0, 0, 0, 0, 0, 0, 0, 0, 0, 0, 0, 0, 1
"d:\GitBox\ticket_booking_system\Techprototype\code\server\src\main\resource\static\js\bootstrap-datepicker\locales\bootstrap-datepicker.pt.min.js", "JavaScript", 1, 0, 0, 0, 0, 0, 0, 0, 0, 0, 0, 0, 0, 1
"d:\GitBox\ticket_booking_system\Techprototype\code\server\src\main\resource\static\js\bootstrap-datepicker\locales\bootstrap-datepicker.ro.min.js", "JavaScript", 1, 0, 0, 0, 0, 0, 0, 0, 0, 0, 0, 0, 0, 1
"d:\GitBox\ticket_booking_system\Techprototype\code\server\src\main\resource\static\js\bootstrap-datepicker\locales\bootstrap-datepicker.rs-latin.min.js", "JavaScript", 1, 0, 0, 0, 0, 0, 0, 0, 0, 0, 0, 0, 0, 1
"d:\GitBox\ticket_booking_system\Techprototype\code\server\src\main\resource\static\js\bootstrap-datepicker\locales\bootstrap-datepicker.rs.min.js", "JavaScript", 1, 0, 0, 0, 0, 0, 0, 0, 0, 0, 0, 0, 0, 1
"d:\GitBox\ticket_booking_system\Techprototype\code\server\src\main\resource\static\js\bootstrap-datepicker\locales\bootstrap-datepicker.ru.min.js", "JavaScript", 1, 0, 0, 0, 0, 0, 0, 0, 0, 0, 0, 0, 0, 1
"d:\GitBox\ticket_booking_system\Techprototype\code\server\src\main\resource\static\js\bootstrap-datepicker\locales\bootstrap-datepicker.sk.min.js", "JavaScript", 1, 0, 0, 0, 0, 0, 0, 0, 0, 0, 0, 0, 0, 1
"d:\GitBox\ticket_booking_system\Techprototype\code\server\src\main\resource\static\js\bootstrap-datepicker\locales\bootstrap-datepicker.sl.min.js", "JavaScript", 1, 0, 0, 0, 0, 0, 0, 0, 0, 0, 0, 0, 0, 1
"d:\GitBox\ticket_booking_system\Techprototype\code\server\src\main\resource\static\js\bootstrap-datepicker\locales\bootstrap-datepicker.sq.min.js", "JavaScript", 1, 0, 0, 0, 0, 0, 0, 0, 0, 0, 0, 0, 0, 1
"d:\GitBox\ticket_booking_system\Techprototype\code\server\src\main\resource\static\js\bootstrap-datepicker\locales\bootstrap-datepicker.sr-latin.min.js", "JavaScript", 1, 0, 0, 0, 0, 0, 0, 0, 0, 0, 0, 0, 0, 1
"d:\GitBox\ticket_booking_system\Techprototype\code\server\src\main\resource\static\js\bootstrap-datepicker\locales\bootstrap-datepicker.sr.min.js", "JavaScript", 1, 0, 0, 0, 0, 0, 0, 0, 0, 0, 0, 0, 0, 1
"d:\GitBox\ticket_booking_system\Techprototype\code\server\src\main\resource\static\js\bootstrap-datepicker\locales\bootstrap-datepicker.sv.min.js", "JavaScript", 1, 0, 0, 0, 0, 0, 0, 0, 0, 0, 0, 0, 0, 1
"d:\GitBox\ticket_booking_system\Techprototype\code\server\src\main\resource\static\js\bootstrap-datepicker\locales\bootstrap-datepicker.sw.min.js", "JavaScript", 1, 0, 0, 0, 0, 0, 0, 0, 0, 0, 0, 0, 0, 1
"d:\GitBox\ticket_booking_system\Techprototype\code\server\src\main\resource\static\js\bootstrap-datepicker\locales\bootstrap-datepicker.th.min.js", "JavaScript", 1, 0, 0, 0, 0, 0, 0, 0, 0, 0, 0, 0, 0, 1
"d:\GitBox\ticket_booking_system\Techprototype\code\server\src\main\resource\static\js\bootstrap-datepicker\locales\bootstrap-datepicker.tr.min.js", "JavaScript", 1, 0, 0, 0, 0, 0, 0, 0, 0, 0, 0, 0, 0, 1
"d:\GitBox\ticket_booking_system\Techprototype\code\server\src\main\resource\static\js\bootstrap-datepicker\locales\bootstrap-datepicker.uk.min.js", "JavaScript", 1, 0, 0, 0, 0, 0, 0, 0, 0, 0, 0, 0, 0, 1
"d:\GitBox\ticket_booking_system\Techprototype\code\server\src\main\resource\static\js\bootstrap-datepicker\locales\bootstrap-datepicker.vi.min.js", "JavaScript", 1, 0, 0, 0, 0, 0, 0, 0, 0, 0, 0, 0, 0, 1
"d:\GitBox\ticket_booking_system\Techprototype\code\server\src\main\resource\static\js\bootstrap-datepicker\locales\bootstrap-datepicker.zh-CN.min.js", "JavaScript", 1, 0, 0, 0, 0, 0, 0, 0, 0, 0, 0, 0, 0, 1
"d:\GitBox\ticket_booking_system\Techprototype\code\server\src\main\resource\static\js\bootstrap-datepicker\locales\bootstrap-datepicker.zh-TW.min.js", "JavaScript", 1, 0, 0, 0, 0, 0, 0, 0, 0, 0, 0, 0, 0, 1
"d:\GitBox\ticket_booking_system\Techprototype\code\server\src\main\resource\static\js\bootstrap-datetimepicker\bootstrap-datetimepicker.css", "CSS", 0, 368, 0, 0, 0, 0, 0, 0, 0, 0, 0, 5, 1, 374
"d:\GitBox\ticket_booking_system\Techprototype\code\server\src\main\resource\static\js\bootstrap-datetimepicker\bootstrap-datetimepicker.js", "JavaScript", 2086, 0, 0, 0, 0, 0, 0, 0, 0, 0, 0, 162, 305, 2553
"d:\GitBox\ticket_booking_system\Techprototype\code\server\src\main\resource\static\js\bootstrap-datetimepicker\bootstrap-datetimepicker.min.css", "CSS", 0, 1, 0, 0, 0, 0, 0, 0, 0, 0, 0, 4, 0, 5
"d:\GitBox\ticket_booking_system\Techprototype\code\server\src\main\resource\static\js\bootstrap-datetimepicker\bootstrap-datetimepicker.min.js", "JavaScript", 2, 0, 0, 0, 0, 0, 0, 0, 0, 0, 0, 7, 0, 9
"d:\GitBox\ticket_booking_system\Techprototype\code\server\src\main\resource\static\js\bootstrap-datetimepicker\locale\af.js", "JavaScript", 64, 0, 0, 0, 0, 0, 0, 0, 0, 0, 0, 3, 5, 72
"d:\GitBox\ticket_booking_system\Techprototype\code\server\src\main\resource\static\js\bootstrap-datetimepicker\locale\ar-ma.js", "JavaScript", 49, 0, 0, 0, 0, 0, 0, 0, 0, 0, 0, 4, 5, 58
"d:\GitBox\ticket_booking_system\Techprototype\code\server\src\main\resource\static\js\bootstrap-datetimepicker\locale\ar-sa.js", "JavaScript", 93, 0, 0, 0, 0, 0, 0, 0, 0, 0, 0, 3, 6, 102
"d:\GitBox\ticket_booking_system\Techprototype\code\server\src\main\resource\static\js\bootstrap-datetimepicker\locale\ar-tn.js", "JavaScript", 49, 0, 0, 0, 0, 0, 0, 0, 0, 0, 0, 2, 5, 56
"d:\GitBox\ticket_booking_system\Techprototype\code\server\src\main\resource\static\js\bootstrap-datetimepicker\locale\ar.js", "JavaScript", 124, 0, 0, 0, 0, 0, 0, 0, 0, 0, 0, 5, 6, 135
"d:\GitBox\ticket_booking_system\Techprototype\code\server\src\main\resource\static\js\bootstrap-datetimepicker\locale\az.js", "JavaScript", 94, 0, 0, 0, 0, 0, 0, 0, 0, 0, 0, 3, 6, 103
"d:\GitBox\ticket_booking_system\Techprototype\code\server\src\main\resource\static\js\bootstrap-datetimepicker\locale\be.js", "JavaScript", 135, 0, 0, 0, 0, 0, 0, 0, 0, 0, 0, 5, 6, 146
"d:\GitBox\ticket_booking_system\Techprototype\code\server\src\main\resource\static\js\bootstrap-datetimepicker\locale\bg.js", "JavaScript", 81, 0, 0, 0, 0, 0, 0, 0, 0, 0, 0, 3, 5, 89
"d:\GitBox\ticket_booking_system\Techprototype\code\server\src\main\resource\static\js\bootstrap-datetimepicker\locale\bn.js", "JavaScript", 100, 0, 0, 0, 0, 0, 0, 0, 0, 0, 0, 6, 6, 112
"d:\GitBox\ticket_booking_system\Techprototype\code\server\src\main\resource\static\js\bootstrap-datetimepicker\locale\bo.js", "JavaScript", 100, 0, 0, 0, 0, 0, 0, 0, 0, 0, 0, 3, 6, 109
"d:\GitBox\ticket_booking_system\Techprototype\code\server\src\main\resource\static\js\bootstrap-datetimepicker\locale\br.js", "JavaScript", 97, 0, 0, 0, 0, 0, 0, 0, 0, 0, 0, 3, 6, 106
"d:\GitBox\ticket_booking_system\Techprototype\code\server\src\main\resource\static\js\bootstrap-datetimepicker\locale\bs.js", "JavaScript", 130, 0, 0, 0, 0, 0, 0, 0, 0, 0, 0, 4, 6, 140
"d:\GitBox\ticket_booking_system\Techprototype\code\server\src\main\resource\static\js\bootstrap-datetimepicker\locale\ca.js", "JavaScript", 70, 0, 0, 0, 0, 0, 0, 0, 0, 0, 0, 3, 5, 78
"d:\GitBox\ticket_booking_system\Techprototype\code\server\src\main\resource\static\js\bootstrap-datetimepicker\locale\cs.js", "JavaScript", 146, 0, 0, 0, 0, 0, 0, 0, 0, 0, 0, 4, 6, 156
"d:\GitBox\ticket_booking_system\Techprototype\code\server\src\main\resource\static\js\bootstrap-datetimepicker\locale\cv.js", "JavaScript", 54, 0, 0, 0, 0, 0, 0, 0, 0, 0, 0, 3, 5, 62
"d:\GitBox\ticket_booking_system\Techprototype\code\server\src\main\resource\static\js\bootstrap-datetimepicker\locale\cy.js", "JavaScript", 68, 0, 0, 0, 0, 0, 0, 0, 0, 0, 0, 5, 5, 78
"d:\GitBox\ticket_booking_system\Techprototype\code\server\src\main\resource\static\js\bootstrap-datetimepicker\locale\da.js", "JavaScript", 51, 0, 0, 0, 0, 0, 0, 0, 0, 0, 0, 3, 5, 59
"d:\GitBox\ticket_booking_system\Techprototype\code\server\src\main\resource\static\js\bootstrap-datetimepicker\locale\de-at.js", "JavaScript", 64, 0, 0, 0, 0, 0, 0, 0, 0, 0, 0, 5, 6, 75
"d:\GitBox\ticket_booking_system\Techprototype\code\server\src\main\resource\static\js\bootstrap-datetimepicker\locale\de.js", "JavaScript", 64, 0, 0, 0, 0, 0, 0, 0, 0, 0, 0, 4, 6, 74
"d:\GitBox\ticket_booking_system\Techprototype\code\server\src\main\resource\static\js\bootstrap-datetimepicker\locale\el.js", "JavaScript", 85, 0, 0, 0, 0, 0, 0, 0, 0, 0, 0, 3, 5, 93
"d:\GitBox\ticket_booking_system\Techprototype\code\server\src\main\resource\static\js\bootstrap-datetimepicker\locale\en-au.js", "JavaScript", 58, 0, 0, 0, 0, 0, 0, 0, 0, 0, 0, 2, 5, 65
"d:\GitBox\ticket_booking_system\Techprototype\code\server\src\main\resource\static\js\bootstrap-datetimepicker\locale\en-ca.js", "JavaScript", 54, 0, 0, 0, 0, 0, 0, 0, 0, 0, 0, 3, 5, 62
"d:\GitBox\ticket_booking_system\Techprototype\code\server\src\main\resource\static\js\bootstrap-datetimepicker\locale\en-gb.js", "JavaScript", 58, 0, 0, 0, 0, 0, 0, 0, 0, 0, 0, 3, 5, 66
"d:\GitBox\ticket_booking_system\Techprototype\code\server\src\main\resource\static\js\bootstrap-datetimepicker\locale\eo.js", "JavaScript", 62, 0, 0, 0, 0, 0, 0, 0, 0, 0, 0, 5, 5, 72
"d:\GitBox\ticket_booking_system\Techprototype\code\server\src\main\resource\static\js\bootstrap-datetimepicker\locale\es.js", "JavaScript", 69, 0, 0, 0, 0, 0, 0, 0, 0, 0, 0, 3, 6, 78
"d:\GitBox\ticket_booking_system\Techprototype\code\server\src\main\resource\static\js\bootstrap-datetimepicker\locale\et.js", "JavaScript", 69, 0, 0, 0, 0, 0, 0, 0, 0, 0, 0, 4, 6, 79
"d:\GitBox\ticket_booking_system\Techprototype\code\server\src\main\resource\static\js\bootstrap-datetimepicker\locale\eu.js", "JavaScript", 55, 0, 0, 0, 0, 0, 0, 0, 0, 0, 0, 3, 5, 63
"d:\GitBox\ticket_booking_system\Techprototype\code\server\src\main\resource\static\js\bootstrap-datetimepicker\locale\fa.js", "JavaScript", 95, 0, 0, 0, 0, 0, 0, 0, 0, 0, 0, 3, 6, 104
"d:\GitBox\ticket_booking_system\Techprototype\code\server\src\main\resource\static\js\bootstrap-datetimepicker\locale\fi.js", "JavaScript", 97, 0, 0, 0, 0, 0, 0, 0, 0, 0, 0, 3, 6, 106
"d:\GitBox\ticket_booking_system\Techprototype\code\server\src\main\resource\static\js\bootstrap-datetimepicker\locale\fo.js", "JavaScript", 51, 0, 0, 0, 0, 0, 0, 0, 0, 0, 0, 3, 5, 59
"d:\GitBox\ticket_booking_system\Techprototype\code\server\src\main\resource\static\js\bootstrap-datetimepicker\locale\fr-ca.js", "JavaScript", 49, 0, 0, 0, 0, 0, 0, 0, 0, 0, 0, 3, 5, 57
"d:\GitBox\ticket_booking_system\Techprototype\code\server\src\main\resource\static\js\bootstrap-datetimepicker\locale\fr.js", "JavaScript", 53, 0, 0, 0, 0, 0, 0, 0, 0, 0, 0, 3, 5, 61
"d:\GitBox\ticket_booking_system\Techprototype\code\server\src\main\resource\static\js\bootstrap-datetimepicker\locale\fy.js", "JavaScript", 61, 0, 0, 0, 0, 0, 0, 0, 0, 0, 0, 3, 6, 70
"d:\GitBox\ticket_booking_system\Techprototype\code\server\src\main\resource\static\js\bootstrap-datetimepicker\locale\gl.js", "JavaScript", 66, 0, 0, 0, 0, 0, 0, 0, 0, 0, 0, 3, 5, 74
"d:\GitBox\ticket_booking_system\Techprototype\code\server\src\main\resource\static\js\bootstrap-datetimepicker\locale\he.js", "JavaScript", 71, 0, 0, 0, 0, 0, 0, 0, 0, 0, 0, 5, 5, 81
"d:\GitBox\ticket_booking_system\Techprototype\code\server\src\main\resource\static\js\bootstrap-datetimepicker\locale\hi.js", "JavaScript", 111, 0, 0, 0, 0, 0, 0, 0, 0, 0, 0, 5, 6, 122
"d:\GitBox\ticket_booking_system\Techprototype\code\server\src\main\resource\static\js\bootstrap-datetimepicker\locale\hr.js", "JavaScript", 130, 0, 0, 0, 0, 0, 0, 0, 0, 0, 0, 3, 6, 139
"d:\GitBox\ticket_booking_system\Techprototype\code\server\src\main\resource\static\js\bootstrap-datetimepicker\locale\hu.js", "JavaScript", 99, 0, 0, 0, 0, 0, 0, 0, 0, 0, 0, 3, 6, 108
"d:\GitBox\ticket_booking_system\Techprototype\code\server\src\main\resource\static\js\bootstrap-datetimepicker\locale\hy-am.js", "JavaScript", 101, 0, 0, 0, 0, 0, 0, 0, 0, 0, 0, 3, 6, 110
"d:\GitBox\ticket_booking_system\Techprototype\code\server\src\main\resource\static\js\bootstrap-datetimepicker\locale\id.js", "JavaScript", 73, 0, 0, 0, 0, 0, 0, 0, 0, 0, 0, 4, 5, 82
"d:\GitBox\ticket_booking_system\Techprototype\code\server\src\main\resource\static\js\bootstrap-datetimepicker\locale\is.js", "JavaScript", 117, 0, 0, 0, 0, 0, 0, 0, 0, 0, 0, 3, 6, 126
"d:\GitBox\ticket_booking_system\Techprototype\code\server\src\main\resource\static\js\bootstrap-datetimepicker\locale\it.js", "JavaScript", 60, 0, 0, 0, 0, 0, 0, 0, 0, 0, 0, 4, 5, 69
"d:\GitBox\ticket_booking_system\Techprototype\code\server\src\main\resource\static\js\bootstrap-datetimepicker\locale\ja.js", "JavaScript", 56, 0, 0, 0, 0, 0, 0, 0, 0, 0, 0, 3, 5, 64
"d:\GitBox\ticket_booking_system\Techprototype\code\server\src\main\resource\static\js\bootstrap-datetimepicker\locale\jv.js", "JavaScript", 73, 0, 0, 0, 0, 0, 0, 0, 0, 0, 0, 4, 5, 82
"d:\GitBox\ticket_booking_system\Techprototype\code\server\src\main\resource\static\js\bootstrap-datetimepicker\locale\ka.js", "JavaScript", 93, 0, 0, 0, 0, 0, 0, 0, 0, 0, 0, 3, 6, 102
"d:\GitBox\ticket_booking_system\Techprototype\code\server\src\main\resource\static\js\bootstrap-datetimepicker\locale\km.js", "JavaScript", 49, 0, 0, 0, 0, 0, 0, 0, 0, 0, 0, 3, 5, 57
"d:\GitBox\ticket_booking_system\Techprototype\code\server\src\main\resource\static\js\bootstrap-datetimepicker\locale\ko.js", "JavaScript", 55, 0, 0, 0, 0, 0, 0, 0, 0, 0, 0, 7, 5, 67
"d:\GitBox\ticket_booking_system\Techprototype\code\server\src\main\resource\static\js\bootstrap-datetimepicker\locale\lb.js", "JavaScript", 111, 0, 0, 0, 0, 0, 0, 0, 0, 0, 0, 16, 6, 133
"d:\GitBox\ticket_booking_system\Techprototype\code\server\src\main\resource\static\js\bootstrap-datetimepicker\locale\lt.js", "JavaScript", 115, 0, 0, 0, 0, 0, 0, 0, 0, 0, 0, 3, 6, 124
"d:\GitBox\ticket_booking_system\Techprototype\code\server\src\main\resource\static\js\bootstrap-datetimepicker\locale\lv.js", "JavaScript", 79, 0, 0, 0, 0, 0, 0, 0, 0, 0, 0, 10, 6, 95
"d:\GitBox\ticket_booking_system\Techprototype\code\server\src\main\resource\static\js\bootstrap-datetimepicker\locale\me.js", "JavaScript", 98, 0, 0, 0, 0, 0, 0, 0, 0, 0, 0, 3, 7, 108
"d:\GitBox\ticket_booking_system\Techprototype\code\server\src\main\resource\static\js\bootstrap-datetimepicker\locale\mk.js", "JavaScript", 81, 0, 0, 0, 0, 0, 0, 0, 0, 0, 0, 3, 5, 89
"d:\GitBox\ticket_booking_system\Techprototype\code\server\src\main\resource\static\js\bootstrap-datetimepicker\locale\ml.js", "JavaScript", 62, 0, 0, 0, 0, 0, 0, 0, 0, 0, 0, 3, 5, 70
"d:\GitBox\ticket_booking_system\Techprototype\code\server\src\main\resource\static\js\bootstrap-datetimepicker\locale\mr.js", "JavaScript", 111, 0, 0, 0, 0, 0, 0, 0, 0, 0, 0, 3, 6, 120
"d:\GitBox\ticket_booking_system\Techprototype\code\server\src\main\resource\static\js\bootstrap-datetimepicker\locale\ms-my.js", "JavaScript", 73, 0, 0, 0, 0, 0, 0, 0, 0, 0, 0, 3, 5, 81
"d:\GitBox\ticket_booking_system\Techprototype\code\server\src\main\resource\static\js\bootstrap-datetimepicker\locale\ms.js", "JavaScript", 73, 0, 0, 0, 0, 0, 0, 0, 0, 0, 0, 3, 5, 81
"d:\GitBox\ticket_booking_system\Techprototype\code\server\src\main\resource\static\js\bootstrap-datetimepicker\locale\my.js", "JavaScript", 82, 0, 0, 0, 0, 0, 0, 0, 0, 0, 0, 3, 7, 92
"d:\GitBox\ticket_booking_system\Techprototype\code\server\src\main\resource\static\js\bootstrap-datetimepicker\locale\nb.js", "JavaScript", 51, 0, 0, 0, 0, 0, 0, 0, 0, 0, 0, 4, 5, 60
"d:\GitBox\ticket_booking_system\Techprototype\code\server\src\main\resource\static\js\bootstrap-datetimepicker\locale\ne.js", "JavaScript", 113, 0, 0, 0, 0, 0, 0, 0, 0, 0, 0, 3, 6, 122
"d:\GitBox\ticket_booking_system\Techprototype\code\server\src\main\resource\static\js\bootstrap-datetimepicker\locale\nl.js", "JavaScript", 61, 0, 0, 0, 0, 0, 0, 0, 0, 0, 0, 3, 6, 70
"d:\GitBox\ticket_booking_system\Techprototype\code\server\src\main\resource\static\js\bootstrap-datetimepicker\locale\nn.js", "JavaScript", 51, 0, 0, 0, 0, 0, 0, 0, 0, 0, 0, 3, 5, 59
"d:\GitBox\ticket_booking_system\Techprototype\code\server\src\main\resource\static\js\bootstrap-datetimepicker\locale\pl.js", "JavaScript", 92, 0, 0, 0, 0, 0, 0, 0, 0, 0, 0, 6, 6, 104
"d:\GitBox\ticket_booking_system\Techprototype\code\server\src\main\resource\static\js\bootstrap-datetimepicker\locale\pt-br.js", "JavaScript", 51, 0, 0, 0, 0, 0, 0, 0, 0, 0, 0, 3, 5, 59
"d:\GitBox\ticket_booking_system\Techprototype\code\server\src\main\resource\static\js\bootstrap-datetimepicker\locale\pt.js", "JavaScript", 55, 0, 0, 0, 0, 0, 0, 0, 0, 0, 0, 3, 5, 63
"d:\GitBox\ticket_booking_system\Techprototype\code\server\src\main\resource\static\js\bootstrap-datetimepicker\locale\ro.js", "JavaScript", 63, 0, 0, 0, 0, 0, 0, 0, 0, 0, 0, 4, 6, 73
"d:\GitBox\ticket_booking_system\Techprototype\code\server\src\main\resource\static\js\bootstrap-datetimepicker\locale\ru.js", "JavaScript", 153, 0, 0, 0, 0, 0, 0, 0, 0, 0, 0, 4, 6, 163
"d:\GitBox\ticket_booking_system\Techprototype\code\server\src\main\resource\static\js\bootstrap-datetimepicker\locale\si.js", "JavaScript", 56, 0, 0, 0, 0, 0, 0, 0, 0, 0, 0, 3, 5, 64
"d:\GitBox\ticket_booking_system\Techprototype\code\server\src\main\resource\static\js\bootstrap-datetimepicker\locale\sk.js", "JavaScript", 146, 0, 0, 0, 0, 0, 0, 0, 0, 0, 0, 5, 6, 157
"d:\GitBox\ticket_booking_system\Techprototype\code\server\src\main\resource\static\js\bootstrap-datetimepicker\locale\sl.js", "JavaScript", 149, 0, 0, 0, 0, 0, 0, 0, 0, 0, 0, 3, 7, 159
"d:\GitBox\ticket_booking_system\Techprototype\code\server\src\main\resource\static\js\bootstrap-datetimepicker\locale\sq.js", "JavaScript", 58, 0, 0, 0, 0, 0, 0, 0, 0, 0, 0, 5, 5, 68
"d:\GitBox\ticket_booking_system\Techprototype\code\server\src\main\resource\static\js\bootstrap-datetimepicker\locale\sr-cyrl.js", "JavaScript", 98, 0, 0, 0, 0, 0, 0, 0, 0, 0, 0, 3, 6, 107
"d:\GitBox\ticket_booking_system\Techprototype\code\server\src\main\resource\static\js\bootstrap-datetimepicker\locale\sr.js", "JavaScript", 98, 0, 0, 0, 0, 0, 0, 0, 0, 0, 0, 3, 6, 107
"d:\GitBox\ticket_booking_system\Techprototype\code\server\src\main\resource\static\js\bootstrap-datetimepicker\locale\sv.js", "JavaScript", 58, 0, 0, 0, 0, 0, 0, 0, 0, 0, 0, 3, 5, 66
"d:\GitBox\ticket_booking_system\Techprototype\code\server\src\main\resource\static\js\bootstrap-datetimepicker\locale\ta.js", "JavaScript", 85, 0, 0, 0, 0, 0, 0, 0, 0, 0, 0, 4, 5, 94
"d:\GitBox\ticket_booking_system\Techprototype\code\server\src\main\resource\static\js\bootstrap-datetimepicker\locale\th.js", "JavaScript", 56, 0, 0, 0, 0, 0, 0, 0, 0, 0, 0, 3, 5, 64
"d:\GitBox\ticket_booking_system\Techprototype\code\server\src\main\resource\static\js\bootstrap-datetimepicker\locale\tl-ph.js", "JavaScript", 53, 0, 0, 0, 0, 0, 0, 0, 0, 0, 0, 3, 5, 61
"d:\GitBox\ticket_booking_system\Techprototype\code\server\src\main\resource\static\js\bootstrap-datetimepicker\locale\tr.js", "JavaScript", 79, 0, 0, 0, 0, 0, 0, 0, 0, 0, 0, 4, 6, 89
"d:\GitBox\ticket_booking_system\Techprototype\code\server\src\main\resource\static\js\bootstrap-datetimepicker\locale\tzl.js", "JavaScript", 74, 0, 0, 0, 0, 0, 0, 0, 0, 0, 0, 3, 7, 84
"d:\GitBox\ticket_booking_system\Techprototype\code\server\src\main\resource\static\js\bootstrap-datetimepicker\locale\tzm-latn.js", "JavaScript", 49, 0, 0, 0, 0, 0, 0, 0, 0, 0, 0, 3, 5, 57
"d:\GitBox\ticket_booking_system\Techprototype\code\server\src\main\resource\static\js\bootstrap-datetimepicker\locale\tzm.js", "JavaScript", 49, 0, 0, 0, 0, 0, 0, 0, 0, 0, 0, 3, 5, 57
"d:\GitBox\ticket_booking_system\Techprototype\code\server\src\main\resource\static\js\bootstrap-datetimepicker\locale\uk.js", "JavaScript", 141, 0, 0, 0, 0, 0, 0, 0, 0, 0, 0, 5, 6, 152
"d:\GitBox\ticket_booking_system\Techprototype\code\server\src\main\resource\static\js\bootstrap-datetimepicker\locale\uz.js", "JavaScript", 49, 0, 0, 0, 0, 0, 0, 0, 0, 0, 0, 3, 5, 57
"d:\GitBox\ticket_booking_system\Techprototype\code\server\src\main\resource\static\js\bootstrap-datetimepicker\locale\vi.js", "JavaScript", 57, 0, 0, 0, 0, 0, 0, 0, 0, 0, 0, 3, 5, 65
"d:\GitBox\ticket_booking_system\Techprototype\code\server\src\main\resource\static\js\bootstrap-datetimepicker\locale\zh-cn.js", "JavaScript", 115, 0, 0, 0, 0, 0, 0, 0, 0, 0, 0, 6, 5, 126
"d:\GitBox\ticket_booking_system\Techprototype\code\server\src\main\resource\static\js\bootstrap-datetimepicker\locale\zh-tw.js", "JavaScript", 92, 0, 0, 0, 0, 0, 0, 0, 0, 0, 0, 3, 5, 100
"d:\GitBox\ticket_booking_system\Techprototype\code\server\src\main\resource\static\js\bootstrap-datetimepicker\moment.min.js", "JavaScript", 2, 0, 0, 0, 0, 0, 0, 0, 0, 0, 0, 5, 0, 7
"d:\GitBox\ticket_booking_system\Techprototype\code\server\src\main\resource\static\js\bootstrap-notify.min.js", "JavaScript", 1, 0, 0, 0, 0, 0, 0, 0, 0, 0, 0, 1, 0, 2
"d:\GitBox\ticket_booking_system\Techprototype\code\server\src\main\resource\static\js\bootstrap-table\bootstrap-table-zh-CN.js", "JavaScript", 534, 0, 0, 0, 0, 0, 0, 0, 0, 0, 0, 78, 109, 721
"d:\GitBox\ticket_booking_system\Techprototype\code\server\src\main\resource\static\js\bootstrap-table\bootstrap-table.min.css", "CSS", 0, 1, 0, 0, 0, 0, 0, 0, 0, 0, 0, 8, 1, 10
"d:\GitBox\ticket_booking_system\Techprototype\code\server\src\main\resource\static\js\bootstrap-table\bootstrap-table.min.js", "JavaScript", 1, 0, 0, 0, 0, 0, 0, 0, 0, 0, 0, 8, 1, 10
"d:\GitBox\ticket_booking_system\Techprototype\code\server\src\main\resource\static\js\bootstrap.min.js", "JavaScript", 2, 0, 0, 0, 0, 0, 0, 0, 0, 0, 0, 5, 0, 7
"d:\GitBox\ticket_booking_system\Techprototype\code\server\src\main\resource\static\js\chosen.jquery.min.js", "JavaScript", 1, 0, 0, 0, 0, 0, 0, 0, 0, 0, 0, 1, 2, 4
"d:\GitBox\ticket_booking_system\Techprototype\code\server\src\main\resource\static\js\coder.js", "JavaScript", 57, 0, 0, 0, 0, 0, 0, 0, 0, 0, 0, 16, 5, 78
"d:\GitBox\ticket_booking_system\Techprototype\code\server\src\main\resource\static\js\ion-rangeslider\ion.rangeSlider.min.css", "CSS", 0, 1, 0, 0, 0, 0, 0, 0, 0, 0, 0, 0, 0, 1
"d:\GitBox\ticket_booking_system\Techprototype\code\server\src\main\resource\static\js\ion-rangeslider\ion.rangeSlider.min.js", "JavaScript", 1, 0, 0, 0, 0, 0, 0, 0, 0, 0, 0, 1, 0, 2
"d:\GitBox\ticket_booking_system\Techprototype\code\server\src\main\resource\static\js\jconfirm\jquery-confirm.min.css", "CSS", 0, 1, 0, 0, 0, 0, 0, 0, 0, 0, 0, 8, 0, 9
"d:\GitBox\ticket_booking_system\Techprototype\code\server\src\main\resource\static\js\jconfirm\jquery-confirm.min.js", "JavaScript", 1, 0, 0, 0, 0, 0, 0, 0, 0, 0, 0, 9, 0, 10
"d:\GitBox\ticket_booking_system\Techprototype\code\server\src\main\resource\static\js\jquery-tags-input\jquery.tagsinput.min.css", "CSS", 0, 1, 0, 0, 0, 0, 0, 0, 0, 0, 0, 0, 0, 1
"d:\GitBox\ticket_booking_system\Techprototype\code\server\src\main\resource\static\js\jquery-tags-input\jquery.tagsinput.min.js", "JavaScript", 1, 0, 0, 0, 0, 0, 0, 0, 0, 0, 0, 0, 0, 1
"d:\GitBox\ticket_booking_system\Techprototype\code\server\src\main\resource\static\js\jquery-ui.min.js", "JavaScript", 8, 0, 0, 0, 0, 0, 0, 0, 0, 0, 0, 4, 2, 14
"d:\GitBox\ticket_booking_system\Techprototype\code\server\src\main\resource\static\js\jquery.bootstrap.wizard.min.js", "JavaScript", 13, 0, 0, 0, 0, 0, 0, 0, 0, 0, 0, 11, 0, 24
"d:\GitBox\ticket_booking_system\Techprototype\code\server\src\main\resource\static\js\jquery.min.js", "JavaScript", 3, 0, 0, 0, 0, 0, 0, 0, 0, 0, 0, 1, 0, 4
"d:\GitBox\ticket_booking_system\Techprototype\code\server\src\main\resource\static\js\jquery.serialize-object.min.js", "JavaScript", 1, 0, 0, 0, 0, 0, 0, 0, 0, 0, 0, 7, 0, 8
"d:\GitBox\ticket_booking_system\Techprototype\code\server\src\main\resource\static\js\main.min.js", "JavaScript", 122, 0, 0, 0, 0, 0, 0, 0, 0, 0, 0, 19, 24, 165
"d:\GitBox\ticket_booking_system\Techprototype\code\server\src\main\resource\static\js\perfect-scrollbar.min.js", "JavaScript", 1, 0, 0, 0, 0, 0, 0, 0, 0, 0, 0, 5, 0, 6
"d:\GitBox\ticket_booking_system\Techprototype\code\server\src\main\resource\static\js\plugins\bootstrap-table-treegrid\bootstrap-table-treegrid.js", "JavaScript", 80, 0, 0, 0, 0, 0, 0, 0, 0, 0, 0, 10, 5, 95
"d:\GitBox\ticket_booking_system\Techprototype\code\server\src\main\resource\static\js\plugins\bootstrap-table-treegrid\bootstrap-table.min.css", "CSS", 0, 1, 0, 0, 0, 0, 0, 0, 0, 0, 0, 0, 0, 1
"d:\GitBox\ticket_booking_system\Techprototype\code\server\src\main\resource\static\js\plugins\bootstrap-table-treegrid\jquery.treegrid.min.css", "CSS", 0, 1, 0, 0, 0, 0, 0, 0, 0, 0, 0, 0, 0, 1
"d:\GitBox\ticket_booking_system\Techprototype\code\server\src\main\resource\static\js\plugins\bootstrap-table-treegrid\jquery.treegrid.min.js", "JavaScript", 1, 0, 0, 0, 0, 0, 0, 0, 0, 0, 0, 0, 0, 1
"d:\GitBox\ticket_booking_system\Techprototype\code\server\src\main\resource\static\js\plugins\fileinput\.github\CONTRIBUTING.md", "Markdown", 0, 0, 0, 0, 101, 0, 0, 0, 0, 0, 0, 0, 27, 128
"d:\GitBox\ticket_booking_system\Techprototype\code\server\src\main\resource\static\js\plugins\fileinput\.github\ISSUE_TEMPLATE.md", "Markdown", 0, 0, 0, 0, 33, 0, 0, 0, 0, 0, 0, 0, 16, 49
"d:\GitBox\ticket_booking_system\Techprototype\code\server\src\main\resource\static\js\plugins\fileinput\.github\PULL_REQUEST_TEMPLATE.md", "Markdown", 0, 0, 0, 0, 12, 0, 0, 0, 0, 0, 0, 0, 4, 16
"d:\GitBox\ticket_booking_system\Techprototype\code\server\src\main\resource\static\js\plugins\fileinput\CHANGE.md", "Markdown", 0, 0, 0, 0, 796, 0, 0, 0, 0, 0, 0, 0, 167, 963
"d:\GitBox\ticket_booking_system\Techprototype\code\server\src\main\resource\static\js\plugins\fileinput\LICENSE.md", "Markdown", 0, 0, 0, 0, 23, 0, 0, 0, 0, 0, 0, 0, 5, 28
"d:\GitBox\ticket_booking_system\Techprototype\code\server\src\main\resource\static\js\plugins\fileinput\README.md", "Markdown", 0, 0, 0, 0, 68, 0, 0, 0, 0, 0, 0, 13, 35, 116
"d:\GitBox\ticket_booking_system\Techprototype\code\server\src\main\resource\static\js\plugins\fileinput\bower.json", "JSON", 0, 0, 0, 0, 0, 0, 0, 40, 0, 0, 0, 0, 1, 41
"d:\GitBox\ticket_booking_system\Techprototype\code\server\src\main\resource\static\js\plugins\fileinput\composer.json", "JSON", 0, 0, 0, 0, 0, 0, 0, 24, 0, 0, 0, 0, 0, 24
"d:\GitBox\ticket_booking_system\Techprototype\code\server\src\main\resource\static\js\plugins\fileinput\css\fileinput-rtl.css", "CSS", 0, 87, 0, 0, 0, 0, 0, 0, 0, 0, 0, 12, 22, 121
"d:\GitBox\ticket_booking_system\Techprototype\code\server\src\main\resource\static\js\plugins\fileinput\css\fileinput-rtl.min.css", "CSS", 0, 1, 0, 0, 0, 0, 0, 0, 0, 0, 0, 11, 0, 12
"d:\GitBox\ticket_booking_system\Techprototype\code\server\src\main\resource\static\js\plugins\fileinput\css\fileinput.css", "CSS", 0, 421, 0, 0, 0, 0, 0, 0, 0, 0, 0, 15, 88, 524
"d:\GitBox\ticket_booking_system\Techprototype\code\server\src\main\resource\static\js\plugins\fileinput\css\fileinput.min.css", "CSS", 0, 1, 0, 0, 0, 0, 0, 0, 0, 0, 0, 11, 0, 12
"d:\GitBox\ticket_booking_system\Techprototype\code\server\src\main\resource\static\js\plugins\fileinput\examples\index.html", "HTML", 0, 0, 0, 197, 0, 0, 0, 0, 0, 0, 0, 2, 2, 201
"d:\GitBox\ticket_booking_system\Techprototype\code\server\src\main\resource\static\js\plugins\fileinput\js\fileinput.js", "JavaScript", 3898, 0, 0, 0, 0, 0, 0, 0, 0, 0, 0, 59, 18, 3975
"d:\GitBox\ticket_booking_system\Techprototype\code\server\src\main\resource\static\js\plugins\fileinput\js\fileinput.min.js", "JavaScript", 3, 0, 0, 0, 0, 0, 0, 0, 0, 0, 0, 9, 0, 12
"d:\GitBox\ticket_booking_system\Techprototype\code\server\src\main\resource\static\js\plugins\fileinput\js\locales\LANG.js", "JavaScript", 87, 0, 0, 0, 0, 0, 0, 0, 0, 0, 0, 10, 1, 98
"d:\GitBox\ticket_booking_system\Techprototype\code\server\src\main\resource\static\js\plugins\fileinput\js\locales\ar.js", "JavaScript", 87, 0, 0, 0, 0, 0, 0, 0, 0, 0, 0, 11, 2, 100
"d:\GitBox\ticket_booking_system\Techprototype\code\server\src\main\resource\static\js\plugins\fileinput\js\locales\az.js", "JavaScript", 87, 0, 0, 0, 0, 0, 0, 0, 0, 0, 0, 11, 2, 100
"d:\GitBox\ticket_booking_system\Techprototype\code\server\src\main\resource\static\js\plugins\fileinput\js\locales\bg.js", "JavaScript", 87, 0, 0, 0, 0, 0, 0, 0, 0, 0, 0, 10, 2, 99
"d:\GitBox\ticket_booking_system\Techprototype\code\server\src\main\resource\static\js\plugins\fileinput\js\locales\ca.js", "JavaScript", 87, 0, 0, 0, 0, 0, 0, 0, 0, 0, 0, 10, 2, 99
"d:\GitBox\ticket_booking_system\Techprototype\code\server\src\main\resource\static\js\plugins\fileinput\js\locales\cr.js", "JavaScript", 87, 0, 0, 0, 0, 0, 0, 0, 0, 0, 0, 11, 2, 100
"d:\GitBox\ticket_booking_system\Techprototype\code\server\src\main\resource\static\js\plugins\fileinput\js\locales\cz.js", "JavaScript", 87, 0, 0, 0, 0, 0, 0, 0, 0, 0, 0, 10, 2, 99
"d:\GitBox\ticket_booking_system\Techprototype\code\server\src\main\resource\static\js\plugins\fileinput\js\locales\da.js", "JavaScript", 87, 0, 0, 0, 0, 0, 0, 0, 0, 0, 0, 10, 1, 98
"d:\GitBox\ticket_booking_system\Techprototype\code\server\src\main\resource\static\js\plugins\fileinput\js\locales\de.js", "JavaScript", 87, 0, 0, 0, 0, 0, 0, 0, 0, 0, 0, 8, 2, 97
"d:\GitBox\ticket_booking_system\Techprototype\code\server\src\main\resource\static\js\plugins\fileinput\js\locales\el.js", "JavaScript", 87, 0, 0, 0, 0, 0, 0, 0, 0, 0, 0, 10, 2, 99
"d:\GitBox\ticket_booking_system\Techprototype\code\server\src\main\resource\static\js\plugins\fileinput\js\locales\es.js", "JavaScript", 87, 0, 0, 0, 0, 0, 0, 0, 0, 0, 0, 10, 2, 99
"d:\GitBox\ticket_booking_system\Techprototype\code\server\src\main\resource\static\js\plugins\fileinput\js\locales\et.js", "JavaScript", 87, 0, 0, 0, 0, 0, 0, 0, 0, 0, 0, 10, 1, 98
"d:\GitBox\ticket_booking_system\Techprototype\code\server\src\main\resource\static\js\plugins\fileinput\js\locales\fa.js", "JavaScript", 87, 0, 0, 0, 0, 0, 0, 0, 0, 0, 0, 11, 2, 100
"d:\GitBox\ticket_booking_system\Techprototype\code\server\src\main\resource\static\js\plugins\fileinput\js\locales\fi.js", "JavaScript", 78, 0, 0, 0, 0, 0, 0, 0, 0, 0, 0, 10, 3, 91
"d:\GitBox\ticket_booking_system\Techprototype\code\server\src\main\resource\static\js\plugins\fileinput\js\locales\fr.js", "JavaScript", 87, 0, 0, 0, 0, 0, 0, 0, 0, 0, 0, 10, 2, 99
"d:\GitBox\ticket_booking_system\Techprototype\code\server\src\main\resource\static\js\plugins\fileinput\js\locales\gl.js", "JavaScript", 87, 0, 0, 0, 0, 0, 0, 0, 0, 0, 0, 10, 2, 99
"d:\GitBox\ticket_booking_system\Techprototype\code\server\src\main\resource\static\js\plugins\fileinput\js\locales\hu.js", "JavaScript", 87, 0, 0, 0, 0, 0, 0, 0, 0, 0, 0, 10, 2, 99
"d:\GitBox\ticket_booking_system\Techprototype\code\server\src\main\resource\static\js\plugins\fileinput\js\locales\id.js", "JavaScript", 87, 0, 0, 0, 0, 0, 0, 0, 0, 0, 0, 11, 2, 100
"d:\GitBox\ticket_booking_system\Techprototype\code\server\src\main\resource\static\js\plugins\fileinput\js\locales\it.js", "JavaScript", 87, 0, 0, 0, 0, 0, 0, 0, 0, 0, 0, 12, 1, 100
"d:\GitBox\ticket_booking_system\Techprototype\code\server\src\main\resource\static\js\plugins\fileinput\js\locales\ja.js", "JavaScript", 90, 0, 0, 0, 0, 0, 0, 0, 0, 0, 0, 17, 2, 109
"d:\GitBox\ticket_booking_system\Techprototype\code\server\src\main\resource\static\js\plugins\fileinput\js\locales\kr.js", "JavaScript", 87, 0, 0, 0, 0, 0, 0, 0, 0, 0, 0, 10, 2, 99
"d:\GitBox\ticket_booking_system\Techprototype\code\server\src\main\resource\static\js\plugins\fileinput\js\locales\kz.js", "JavaScript", 74, 0, 0, 0, 0, 0, 0, 0, 0, 0, 0, 11, 2, 87
"d:\GitBox\ticket_booking_system\Techprototype\code\server\src\main\resource\static\js\plugins\fileinput\js\locales\lt.js", "JavaScript", 87, 0, 0, 0, 0, 0, 0, 0, 0, 0, 0, 11, 1, 99
"d:\GitBox\ticket_booking_system\Techprototype\code\server\src\main\resource\static\js\plugins\fileinput\js\locales\nl.js", "JavaScript", 87, 0, 0, 0, 0, 0, 0, 0, 0, 0, 0, 10, 2, 99
"d:\GitBox\ticket_booking_system\Techprototype\code\server\src\main\resource\static\js\plugins\fileinput\js\locales\no.js", "JavaScript", 87, 0, 0, 0, 0, 0, 0, 0, 0, 0, 0, 10, 2, 99
"d:\GitBox\ticket_booking_system\Techprototype\code\server\src\main\resource\static\js\plugins\fileinput\js\locales\pl.js", "JavaScript", 77, 0, 0, 0, 0, 0, 0, 0, 0, 0, 0, 10, 1, 88
"d:\GitBox\ticket_booking_system\Techprototype\code\server\src\main\resource\static\js\plugins\fileinput\js\locales\pt-BR.js", "JavaScript", 87, 0, 0, 0, 0, 0, 0, 0, 0, 0, 0, 10, 2, 99
"d:\GitBox\ticket_booking_system\Techprototype\code\server\src\main\resource\static\js\plugins\fileinput\js\locales\pt.js", "JavaScript", 87, 0, 0, 0, 0, 0, 0, 0, 0, 0, 0, 10, 1, 98
"d:\GitBox\ticket_booking_system\Techprototype\code\server\src\main\resource\static\js\plugins\fileinput\js\locales\ro.js", "JavaScript", 87, 0, 0, 0, 0, 0, 0, 0, 0, 0, 0, 11, 2, 100
"d:\GitBox\ticket_booking_system\Techprototype\code\server\src\main\resource\static\js\plugins\fileinput\js\locales\ru.js", "JavaScript", 87, 0, 0, 0, 0, 0, 0, 0, 0, 0, 0, 11, 2, 100
"d:\GitBox\ticket_booking_system\Techprototype\code\server\src\main\resource\static\js\plugins\fileinput\js\locales\sk.js", "JavaScript", 87, 0, 0, 0, 0, 0, 0, 0, 0, 0, 0, 10, 2, 99
"d:\GitBox\ticket_booking_system\Techprototype\code\server\src\main\resource\static\js\plugins\fileinput\js\locales\sl.js", "JavaScript", 84, 0, 0, 0, 0, 0, 0, 0, 0, 0, 0, 11, 2, 97
"d:\GitBox\ticket_booking_system\Techprototype\code\server\src\main\resource\static\js\plugins\fileinput\js\locales\sv.js", "JavaScript", 87, 0, 0, 0, 0, 0, 0, 0, 0, 0, 0, 10, 1, 98
"d:\GitBox\ticket_booking_system\Techprototype\code\server\src\main\resource\static\js\plugins\fileinput\js\locales\th.js", "JavaScript", 87, 0, 0, 0, 0, 0, 0, 0, 0, 0, 0, 10, 1, 98
"d:\GitBox\ticket_booking_system\Techprototype\code\server\src\main\resource\static\js\plugins\fileinput\js\locales\tr.js", "JavaScript", 87, 0, 0, 0, 0, 0, 0, 0, 0, 0, 0, 10, 2, 99
"d:\GitBox\ticket_booking_system\Techprototype\code\server\src\main\resource\static\js\plugins\fileinput\js\locales\uk.js", "JavaScript", 87, 0, 0, 0, 0, 0, 0, 0, 0, 0, 0, 11, 2, 100
"d:\GitBox\ticket_booking_system\Techprototype\code\server\src\main\resource\static\js\plugins\fileinput\js\locales\vi.js", "JavaScript", 87, 0, 0, 0, 0, 0, 0, 0, 0, 0, 0, 10, 3, 100
"d:\GitBox\ticket_booking_system\Techprototype\code\server\src\main\resource\static\js\plugins\fileinput\js\locales\zh-TW.js", "JavaScript", 88, 0, 0, 0, 0, 0, 0, 0, 0, 0, 0, 11, 2, 101
"d:\GitBox\ticket_booking_system\Techprototype\code\server\src\main\resource\static\js\plugins\fileinput\js\locales\zh.js", "JavaScript", 87, 0, 0, 0, 0, 0, 0, 0, 0, 0, 0, 11, 1, 99
"d:\GitBox\ticket_booking_system\Techprototype\code\server\src\main\resource\static\js\plugins\fileinput\js\plugins\piexif.js", "JavaScript", 2322, 0, 0, 0, 0, 0, 0, 0, 0, 0, 0, 24, 126, 2472
"d:\GitBox\ticket_booking_system\Techprototype\code\server\src\main\resource\static\js\plugins\fileinput\js\plugins\piexif.min.js", "JavaScript", 1, 0, 0, 0, 0, 0, 0, 0, 0, 0, 0, 0, 0, 1
"d:\GitBox\ticket_booking_system\Techprototype\code\server\src\main\resource\static\js\plugins\fileinput\js\plugins\purify.js", "JavaScript", 468, 0, 0, 0, 0, 0, 0, 0, 0, 0, 0, 233, 112, 813
"d:\GitBox\ticket_booking_system\Techprototype\code\server\src\main\resource\static\js\plugins\fileinput\js\plugins\purify.min.js", "JavaScript", 1, 0, 0, 0, 0, 0, 0, 0, 0, 0, 0, 0, 0, 1
"d:\GitBox\ticket_booking_system\Techprototype\code\server\src\main\resource\static\js\plugins\fileinput\js\plugins\sortable.js", "JavaScript", 1099, 0, 0, 0, 0, 0, 0, 0, 0, 0, 0, 119, 312, 1530
"d:\GitBox\ticket_booking_system\Techprototype\code\server\src\main\resource\static\js\plugins\fileinput\js\plugins\sortable.min.js", "JavaScript", 1, 0, 0, 0, 0, 0, 0, 0, 0, 0, 0, 0, 0, 1
"d:\GitBox\ticket_booking_system\Techprototype\code\server\src\main\resource\static\js\plugins\fileinput\nuget\Package.nuspec", "XML", 0, 0, 0, 0, 0, 21, 0, 0, 0, 0, 0, 0, 0, 21
"d:\GitBox\ticket_booking_system\Techprototype\code\server\src\main\resource\static\js\plugins\fileinput\nuget\build.bat", "Batch", 0, 0, 0, 0, 0, 0, 27, 0, 0, 0, 0, 0, 9, 36
"d:\GitBox\ticket_booking_system\Techprototype\code\server\src\main\resource\static\js\plugins\fileinput\package.json", "JSON", 0, 0, 0, 0, 0, 0, 0, 39, 0, 0, 0, 0, 1, 40
"d:\GitBox\ticket_booking_system\Techprototype\code\server\src\main\resource\static\js\plugins\fileinput\sass\fileinput.scss", "SCSS", 0, 0, 389, 0, 0, 0, 0, 0, 0, 0, 0, 18, 83, 490
"d:\GitBox\ticket_booking_system\Techprototype\code\server\src\main\resource\static\js\plugins\fileinput\themes\explorer-fa\theme.css", "CSS", 0, 164, 0, 0, 0, 0, 0, 0, 0, 0, 0, 17, 33, 214
"d:\GitBox\ticket_booking_system\Techprototype\code\server\src\main\resource\static\js\plugins\fileinput\themes\explorer-fa\theme.js", "JavaScript", 72, 0, 0, 0, 0, 0, 0, 0, 0, 0, 0, 14, 0, 86
"d:\GitBox\ticket_booking_system\Techprototype\code\server\src\main\resource\static\js\plugins\fileinput\themes\explorer-fa\theme.min.css", "CSS", 0, 1, 0, 0, 0, 0, 0, 0, 0, 0, 0, 13, 0, 14
"d:\GitBox\ticket_booking_system\Techprototype\code\server\src\main\resource\static\js\plugins\fileinput\themes\explorer-fa\theme.min.js", "JavaScript", 1, 0, 0, 0, 0, 0, 0, 0, 0, 0, 0, 13, 0, 14
"d:\GitBox\ticket_booking_system\Techprototype\code\server\src\main\resource\static\js\plugins\fileinput\themes\explorer\theme.css", "CSS", 0, 164, 0, 0, 0, 0, 0, 0, 0, 0, 0, 15, 33, 212
"d:\GitBox\ticket_booking_system\Techprototype\code\server\src\main\resource\static\js\plugins\fileinput\themes\explorer\theme.js", "JavaScript", 46, 0, 0, 0, 0, 0, 0, 0, 0, 0, 0, 12, 1, 59
"d:\GitBox\ticket_booking_system\Techprototype\code\server\src\main\resource\static\js\plugins\fileinput\themes\explorer\theme.min.css", "CSS", 0, 1, 0, 0, 0, 0, 0, 0, 0, 0, 0, 11, 0, 12
"d:\GitBox\ticket_booking_system\Techprototype\code\server\src\main\resource\static\js\plugins\fileinput\themes\explorer\theme.min.js", "JavaScript", 1, 0, 0, 0, 0, 0, 0, 0, 0, 0, 0, 11, 0, 12
"d:\GitBox\ticket_booking_system\Techprototype\code\server\src\main\resource\static\js\plugins\fileinput\themes\fa\theme.js", "JavaScript", 33, 0, 0, 0, 0, 0, 0, 0, 0, 0, 0, 12, 2, 47
"d:\GitBox\ticket_booking_system\Techprototype\code\server\src\main\resource\static\js\plugins\fileinput\themes\fa\theme.min.js", "JavaScript", 1, 0, 0, 0, 0, 0, 0, 0, 0, 0, 0, 11, 0, 12
"d:\GitBox\ticket_booking_system\Techprototype\code\server\src\main\resource\static\js\plugins\fileinput\themes\gly\theme.js", "JavaScript", 32, 0, 0, 0, 0, 0, 0, 0, 0, 0, 0, 12, 2, 46
"d:\GitBox\ticket_booking_system\Techprototype\code\server\src\main\resource\static\js\plugins\fileinput\themes\gly\theme.min.js", "JavaScript", 1, 0, 0, 0, 0, 0, 0, 0, 0, 0, 0, 11, 0, 12
"d:\GitBox\ticket_booking_system\Techprototype\code\server\src\main\resource\static\js\plugins\icon\bootstrap-iconpicker.css", "CSS", 0, 26, 0, 0, 0, 0, 0, 0, 0, 0, 0, 9, 7, 42
"d:\GitBox\ticket_booking_system\Techprototype\code\server\src\main\resource\static\js\plugins\icon\bootstrap-iconpicker.js", "JavaScript", 2252, 0, 0, 0, 0, 0, 0, 0, 0, 0, 0, 29, 24, 2305
"d:\GitBox\ticket_booking_system\Techprototype\code\server\src\main\resource\static\js\plugins\markdown\css\bootstrap-markdown.min.css", "CSS", 0, 1, 0, 0, 0, 0, 0, 0, 0, 0, 0, 0, 0, 1
"d:\GitBox\ticket_booking_system\Techprototype\code\server\src\main\resource\static\js\plugins\markdown\js\bootstrap-markdown.js", "JavaScript", 695, 0, 0, 0, 0, 0, 0, 0, 0, 0, 0, 118, 194, 1007
"d:\GitBox\ticket_booking_system\Techprototype\code\server\src\main\resource\static\js\plugins\markdown\js\markdown.js", "JavaScript", 999, 0, 0, 0, 0, 0, 0, 0, 0, 0, 0, 338, 279, 1616
"d:\GitBox\ticket_booking_system\Techprototype\code\server\src\main\resource\static\js\plugins\markdown\js\marked.js", "JavaScript", 1714, 0, 0, 0, 0, 0, 0, 0, 0, 0, 0, 348, 432, 2494
"d:\GitBox\ticket_booking_system\Techprototype\code\server\src\main\resource\static\js\plugins\markdown\js\to-markdown.js", "JavaScript", 150, 0, 0, 0, 0, 0, 0, 0, 0, 0, 0, 15, 19, 184
"d:\GitBox\ticket_booking_system\Techprototype\code\server\src\main\resource\static\js\plugins\validator\css\bootstrapValidator.css", "CSS", 0, 19, 0, 0, 0, 0, 0, 0, 0, 0, 0, 9, 3, 31
"d:\GitBox\ticket_booking_system\Techprototype\code\server\src\main\resource\static\js\plugins\validator\css\bootstrapValidator.min.css", "CSS", 0, 1, 0, 0, 0, 0, 0, 0, 0, 0, 0, 10, 1, 12
"d:\GitBox\ticket_booking_system\Techprototype\code\server\src\main\resource\static\js\plugins\validator\js\bootstrapValidator.js", "JavaScript", 5522, 0, 0, 0, 0, 0, 0, 0, 0, 0, 0, 1965, 745, 8232
"d:\GitBox\ticket_booking_system\Techprototype\code\server\src\main\resource\static\js\plugins\validator\js\bootstrapValidator.min.js", "JavaScript", 4, 0, 0, 0, 0, 0, 0, 0, 0, 0, 0, 10, 0, 14
"d:\GitBox\ticket_booking_system\Techprototype\code\server\src\main\resource\static\js\plugins\validator\js\language\ar_MA.js", "JavaScript", 366, 0, 0, 0, 0, 0, 0, 0, 0, 0, 0, 4, 1, 371
"d:\GitBox\ticket_booking_system\Techprototype\code\server\src\main\resource\static\js\plugins\validator\js\language\be_FR.js", "JavaScript", 366, 0, 0, 0, 0, 0, 0, 0, 0, 0, 0, 4, 1, 371
"d:\GitBox\ticket_booking_system\Techprototype\code\server\src\main\resource\static\js\plugins\validator\js\language\be_NL.js", "JavaScript", 366, 0, 0, 0, 0, 0, 0, 0, 0, 0, 0, 4, 1, 371
"d:\GitBox\ticket_booking_system\Techprototype\code\server\src\main\resource\static\js\plugins\validator\js\language\bg_BG.js", "JavaScript", 366, 0, 0, 0, 0, 0, 0, 0, 0, 0, 0, 4, 1, 371
"d:\GitBox\ticket_booking_system\Techprototype\code\server\src\main\resource\static\js\plugins\validator\js\language\cs_CZ.js", "JavaScript", 366, 0, 0, 0, 0, 0, 0, 0, 0, 0, 0, 4, 1, 371
"d:\GitBox\ticket_booking_system\Techprototype\code\server\src\main\resource\static\js\plugins\validator\js\language\da_DK.js", "JavaScript", 366, 0, 0, 0, 0, 0, 0, 0, 0, 0, 0, 4, 1, 371
"d:\GitBox\ticket_booking_system\Techprototype\code\server\src\main\resource\static\js\plugins\validator\js\language\de_DE.js", "JavaScript", 366, 0, 0, 0, 0, 0, 0, 0, 0, 0, 0, 4, 1, 371
"d:\GitBox\ticket_booking_system\Techprototype\code\server\src\main\resource\static\js\plugins\validator\js\language\en_US.js", "JavaScript", 366, 0, 0, 0, 0, 0, 0, 0, 0, 0, 0, 4, 1, 371
"d:\GitBox\ticket_booking_system\Techprototype\code\server\src\main\resource\static\js\plugins\validator\js\language\es_CL.js", "JavaScript", 366, 0, 0, 0, 0, 0, 0, 0, 0, 0, 0, 4, 1, 371
"d:\GitBox\ticket_booking_system\Techprototype\code\server\src\main\resource\static\js\plugins\validator\js\language\es_ES.js", "JavaScript", 366, 0, 0, 0, 0, 0, 0, 0, 0, 0, 0, 4, 1, 371
"d:\GitBox\ticket_booking_system\Techprototype\code\server\src\main\resource\static\js\plugins\validator\js\language\fa_IR.js", "JavaScript", 366, 0, 0, 0, 0, 0, 0, 0, 0, 0, 0, 4, 1, 371
"d:\GitBox\ticket_booking_system\Techprototype\code\server\src\main\resource\static\js\plugins\validator\js\language\fr_FR.js", "JavaScript", 366, 0, 0, 0, 0, 0, 0, 0, 0, 0, 0, 4, 1, 371
"d:\GitBox\ticket_booking_system\Techprototype\code\server\src\main\resource\static\js\plugins\validator\js\language\gr_EL.js", "JavaScript", 366, 0, 0, 0, 0, 0, 0, 0, 0, 0, 0, 4, 1, 371
"d:\GitBox\ticket_booking_system\Techprototype\code\server\src\main\resource\static\js\plugins\validator\js\language\he_IL.js", "JavaScript", 366, 0, 0, 0, 0, 0, 0, 0, 0, 0, 0, 4, 1, 371
"d:\GitBox\ticket_booking_system\Techprototype\code\server\src\main\resource\static\js\plugins\validator\js\language\hu_HU.js", "JavaScript", 366, 0, 0, 0, 0, 0, 0, 0, 0, 0, 0, 4, 1, 371
"d:\GitBox\ticket_booking_system\Techprototype\code\server\src\main\resource\static\js\plugins\validator\js\language\id_ID.js", "JavaScript", 366, 0, 0, 0, 0, 0, 0, 0, 0, 0, 0, 4, 1, 371
"d:\GitBox\ticket_booking_system\Techprototype\code\server\src\main\resource\static\js\plugins\validator\js\language\it_IT.js", "JavaScript", 366, 0, 0, 0, 0, 0, 0, 0, 0, 0, 0, 4, 1, 371
"d:\GitBox\ticket_booking_system\Techprototype\code\server\src\main\resource\static\js\plugins\validator\js\language\ja_JP.js", "JavaScript", 366, 0, 0, 0, 0, 0, 0, 0, 0, 0, 0, 4, 1, 371
"d:\GitBox\ticket_booking_system\Techprototype\code\server\src\main\resource\static\js\plugins\validator\js\language\nl_NL.js", "JavaScript", 366, 0, 0, 0, 0, 0, 0, 0, 0, 0, 0, 4, 1, 371
"d:\GitBox\ticket_booking_system\Techprototype\code\server\src\main\resource\static\js\plugins\validator\js\language\no_NO.js", "JavaScript", 366, 0, 0, 0, 0, 0, 0, 0, 0, 0, 0, 4, 1, 371
"d:\GitBox\ticket_booking_system\Techprototype\code\server\src\main\resource\static\js\plugins\validator\js\language\pl_PL.js", "JavaScript", 366, 0, 0, 0, 0, 0, 0, 0, 0, 0, 0, 4, 1, 371
"d:\GitBox\ticket_booking_system\Techprototype\code\server\src\main\resource\static\js\plugins\validator\js\language\pt_BR.js", "JavaScript", 366, 0, 0, 0, 0, 0, 0, 0, 0, 0, 0, 4, 1, 371
"d:\GitBox\ticket_booking_system\Techprototype\code\server\src\main\resource\static\js\plugins\validator\js\language\pt_PT.js", "JavaScript", 366, 0, 0, 0, 0, 0, 0, 0, 0, 0, 0, 4, 1, 371
"d:\GitBox\ticket_booking_system\Techprototype\code\server\src\main\resource\static\js\plugins\validator\js\language\ro_RO.js", "JavaScript", 366, 0, 0, 0, 0, 0, 0, 0, 0, 0, 0, 4, 1, 371
"d:\GitBox\ticket_booking_system\Techprototype\code\server\src\main\resource\static\js\plugins\validator\js\language\ru_RU.js", "JavaScript", 366, 0, 0, 0, 0, 0, 0, 0, 0, 0, 0, 4, 1, 371
"d:\GitBox\ticket_booking_system\Techprototype\code\server\src\main\resource\static\js\plugins\validator\js\language\sq_AL.js", "JavaScript", 366, 0, 0, 0, 0, 0, 0, 0, 0, 0, 0, 4, 1, 371
"d:\GitBox\ticket_booking_system\Techprototype\code\server\src\main\resource\static\js\plugins\validator\js\language\sr_RS.js", "JavaScript", 366, 0, 0, 0, 0, 0, 0, 0, 0, 0, 0, 4, 1, 371
"d:\GitBox\ticket_booking_system\Techprototype\code\server\src\main\resource\static\js\plugins\validator\js\language\sv_SE.js", "JavaScript", 366, 0, 0, 0, 0, 0, 0, 0, 0, 0, 0, 4, 1, 371
"d:\GitBox\ticket_booking_system\Techprototype\code\server\src\main\resource\static\js\plugins\validator\js\language\th_TH.js", "JavaScript", 366, 0, 0, 0, 0, 0, 0, 0, 0, 0, 0, 4, 1, 371
"d:\GitBox\ticket_booking_system\Techprototype\code\server\src\main\resource\static\js\plugins\validator\js\language\tr_TR.js", "JavaScript", 366, 0, 0, 0, 0, 0, 0, 0, 0, 0, 0, 4, 1, 371
"d:\GitBox\ticket_booking_system\Techprototype\code\server\src\main\resource\static\js\plugins\validator\js\language\ua_UA.js", "JavaScript", 366, 0, 0, 0, 0, 0, 0, 0, 0, 0, 0, 4, 1, 371
"d:\GitBox\ticket_booking_system\Techprototype\code\server\src\main\resource\static\js\plugins\validator\js\language\vi_VN.js", "JavaScript", 366, 0, 0, 0, 0, 0, 0, 0, 0, 0, 0, 4, 1, 371
"d:\GitBox\ticket_booking_system\Techprototype\code\server\src\main\resource\static\js\plugins\validator\js\language\zh_CN.js", "JavaScript", 366, 0, 0, 0, 0, 0, 0, 0, 0, 0, 0, 4, 1, 371
"d:\GitBox\ticket_booking_system\Techprototype\code\server\src\main\resource\static\js\plugins\validator\js\language\zh_TW.js", "JavaScript", 366, 0, 0, 0, 0, 0, 0, 0, 0, 0, 0, 4, 1, 371
"d:\GitBox\ticket_booking_system\Techprototype\code\server\src\main\resource\static\js\plugins\ztree\css\bootstrapStyle\bootstrapStyle.css", "CSS", 0, 1, 0, 0, 0, 0, 0, 0, 0, 0, 0, 0, 0, 1
"d:\GitBox\ticket_booking_system\Techprototype\code\server\src\main\resource\static\js\plugins\ztree\js\jquery.ztree.core.js", "JavaScript", 127, 0, 0, 0, 0, 0, 0, 0, 0, 0, 0, 0, 0, 127
"d:\GitBox\ticket_booking_system\Techprototype\code\server\src\main\resource\static\js\plugins\ztree\js\jquery.ztree.excheck.js", "JavaScript", 36, 0, 0, 0, 0, 0, 0, 0, 0, 0, 0, 0, 0, 36
"d:\GitBox\ticket_booking_system\Techprototype\code\server\src\main\resource\static\js\plugins\ztree\js\jquery.ztree.exedit.js", "JavaScript", 95, 0, 0, 0, 0, 0, 0, 0, 0, 0, 0, 0, 0, 95
"d:\GitBox\ticket_booking_system\Techprototype\code\server\src\main\resource\static\js\setform.js", "JavaScript", 50, 0, 0, 0, 0, 0, 0, 0, 0, 0, 0, 16, 0, 66
"d:\GitBox\ticket_booking_system\Techprototype\code\server\src\main\resource\static\js\soulcoder.js", "JavaScript", 6, 0, 0, 0, 0, 0, 0, 0, 0, 0, 0, 1, 3, 10
"d:\GitBox\ticket_booking_system\Techprototype\code\server\src\main\resource\static\util\util.js", "JavaScript", 15, 0, 0, 0, 0, 0, 0, 0, 0, 0, 0, 1, 4, 20
"d:\GitBox\ticket_booking_system\Techprototype\code\server\src\main\resource\templates\error.html", "HTML", 0, 0, 0, 10, 0, 0, 0, 0, 0, 0, 0, 0, 0, 10
"d:\GitBox\ticket_booking_system\Techprototype\code\server\src\main\resource\templates\error403.html", "HTML", 0, 0, 0, 10, 0, 0, 0, 0, 0, 0, 0, 0, 0, 10
"d:\GitBox\ticket_booking_system\Techprototype\code\server\src\main\resource\templates\views\common\include.html", "HTML", 0, 0, 0, 89, 0, 0, 0, 0, 0, 0, 0, 13, 21, 123
"d:\GitBox\ticket_booking_system\Techprototype\code\server\src\main\resource\templates\views\common\js\util.js", "JavaScript", 0, 0, 0, 0, 0, 0, 0, 0, 0, 0, 0, 0, 1, 1
"d:\GitBox\ticket_booking_system\Techprototype\code\server\src\main\resource\templates\views\error\error403.html", "HTML", 0, 0, 0, 57, 0, 0, 0, 0, 0, 0, 0, 6, 5, 68
"d:\GitBox\ticket_booking_system\Techprototype\code\server\src\main\resource\templates\views\error\error404.html", "HTML", 0, 0, 0, 52, 0, 0, 0, 0, 0, 0, 0, 0, 1, 53
"d:\GitBox\ticket_booking_system\Techprototype\code\server\src\main\resource\templates\views\index.html", "HTML", 0, 0, 0, 31, 0, 0, 0, 0, 0, 0, 0, 7, 11, 49
"d:\GitBox\ticket_booking_system\Techprototype\code\server\src\main\resource\templates\views\login.html", "HTML", 0, 0, 0, 128, 0, 0, 0, 0, 0, 0, 0, 2, 12, 142
"d:\GitBox\ticket_booking_system\Techprototype\code\server\src\main\resource\templates\views\main.html", "HTML", 0, 0, 0, 52, 0, 0, 0, 0, 0, 0, 0, 8, 16, 76
"d:\GitBox\ticket_booking_system\Techprototype\code\server\src\main\resource\templates\views\menu\menu_list.html", "HTML", 0, 0, 0, 536, 0, 0, 0, 0, 0, 0, 0, 29, 59, 624
"d:\GitBox\ticket_booking_system\Techprototype\code\server\src\main\resource\templates\views\movie\movie_list.html", "HTML", 0, 0, 0, 201, 0, 0, 0, 0, 0, 0, 0, 16, 31, 248
"d:\GitBox\ticket_booking_system\Techprototype\code\server\src\main\resource\templates\views\order\order_list.html", "HTML", 0, 0, 0, 75, 0, 0, 0, 0, 0, 0, 0, 8, 18, 101
"d:\GitBox\ticket_booking_system\Techprototype\code\server\src\main\resource\templates\views\permission\permission_list.html", "HTML", 0, 0, 0, 466, 0, 0, 0, 0, 0, 0, 0, 20, 59, 545
"d:\GitBox\ticket_booking_system\Techprototype\code\server\src\main\resource\templates\views\reg.html", "HTML", 0, 0, 0, 250, 0, 0, 0, 0, 0, 0, 0, 4, 17, 271
"d:\GitBox\ticket_booking_system\Techprototype\code\server\src\main\resource\templates\views\role\role_list.html", "HTML", 0, 0, 0, 477, 0, 0, 0, 0, 0, 0, 0, 21, 41, 539
"d:\GitBox\ticket_booking_system\Techprototype\code\server\src\main\resource\templates\views\user\chart.html", "HTML", 0, 0, 0, 46, 0, 0, 0, 0, 0, 0, 0, 0, 2, 48
"d:\GitBox\ticket_booking_system\Techprototype\code\server\src\main\resource\templates\views\user\user_editpwd.html", "HTML", 0, 0, 0, 117, 0, 0, 0, 0, 0, 0, 0, 9, 22, 148
"d:\GitBox\ticket_booking_system\Techprototype\code\server\src\main\resource\templates\views\user\user_info.html", "HTML", 0, 0, 0, 158, 0, 0, 0, 0, 0, 0, 0, 16, 31, 205
"d:\GitBox\ticket_booking_system\Techprototype\code\server\src\main\resource\templates\views\user\user_list.html", "HTML", 0, 0, 0, 222, 0, 0, 0, 0, 0, 0, 0, 20, 23, 265
"Total", "-", 75784, 42732, 389, 3174, 1113, 25435, 27, 104, 13, 1683, 2183, 12023, 14578, 179238